csaf_000,csaf_001,csaf_002,csaf_003,csaf_004,csaf_005,csaf_006,csaf_007,csaf_008,csaf_009,csaf_010,csaf_011,csaf_012,csaf_013,csaf_014,csaf_015,csaf_016,csaf_017,csaf_018,csaf_019,csaf_020,csaf_021,csaf_022,csaf_023,csaf_024,csaf_025,csaf_026,csaf_027,csaf_028,csaf_029,csaf_030,csaf_031,csaf_032,csaf_033,csaf_034,csaf_035,csaf_036,csaf_037,csaf_038,csaf_039,csaf_040,csaf_041,csaf_042,csaf_043,csaf_044,csaf_045,csaf_046,csaf_047,csaf_048,csaf_049,csaf_050,csaf_051,csaf_052,csaf_053,csaf_054,csaf_055,csaf_056,csaf_057,csaf_058,csaf_059,csaf_060,csaf_061,csaf_062,csaf_063,csaf_064,csaf_065,csaf_066,csaf_067,csaf_068,csaf_069,csaf_070,csaf_071,csaf_072,csaf_073,csaf_074,csaf_075,csaf_076,csaf_077,csaf_078,csaf_079,csaf_080,csaf_081,csaf_082,csaf_083,csaf_084,csaf_085,csaf_086,csaf_087,csaf_088,csaf_089,csaf_090,csaf_091,csaf_092,csaf_093,csaf_094,csaf_095,csaf_096,csaf_097,csaf_098,csaf_099,csaf_100,csaf_101,csaf_102,csaf_103,csaf_104,csaf_105,csaf_106,csaf_107,csaf_108,csaf_109,csaf_110,csaf_111,csaf_112,csaf_113,csaf_114,csaf_115,csaf_116,csaf_117,csaf_118,csaf_119,csaf_120,csaf_121,csaf_122,csaf_123,csaf_124,csaf_125,csaf_126,csaf_127,csaf_128,csaf_129,csaf_130,csaf_131,csaf_132,csaf_133,csaf_134,csaf_135,csaf_136,csaf_137,csaf_138,csaf_139,csaf_140,csaf_141,csaf_142,csaf_143,csaf_144,csaf_145,csaf_146,csaf_147,csaf_148,csaf_149,csaf_150,csaf_151,csaf_152,csaf_153,csaf_154,csaf_155,csaf_156,csaf_157,csaf_158,csaf_159,csaf_160,csaf_161,csaf_162,csaf_163,csaf_164,csaf_165,csaf_166,csaf_167,csaf_168,csaf_169,csaf_170,csaf_171,csaf_172,csaf_173,csaf_174,csaf_175,csaf_176,csaf_177,csaf_178,csaf_179,csaf_180,csaf_181,csaf_182,csaf_183,csaf_184,csaf_185,csaf_186,csaf_187,csaf_188,csaf_189,csaf_190,csaf_191,csaf_192,csaf_193,csaf_194,csaf_195,csaf_196,csaf_197,csaf_198,csaf_199,csaf_200,csaf_201,csaf_202,csaf_203,csaf_204,csaf_205,csaf_206,csaf_207,csaf_208,csaf_209,csaf_210,csaf_211,csaf_212,csaf_213,csaf_214,csaf_215,csaf_216,csaf_217,csaf_218,csaf_219,csaf_220,csaf_221,csaf_222,csaf_223,csaf_224,csaf_225,csaf_226,csaf_227,csaf_228,csaf_229,csaf_230,csaf_231,csaf_232,csaf_233,csaf_234,csaf_235,csaf_236,csaf_237,csaf_238,csaf_239,csaf_240,csaf_241,csaf_242,csaf_243,csaf_244,csaf_245,csaf_246,csaf_247,csaf_248,csaf_249,csaf_250,csaf_251,csaf_252,csaf_253,csaf_254,csaf_255
-0.00273931,1.8552255,0.29509308,-0.35265067,1.83321757,0.35612183,0.99885189,1.14848797,0.90577644,0.26589038,-0.61618441,2.72909882,-1.5107981,0.53631416,2.00398155,0.1745679,1.22624937,0.79485531,0.32477927,1.31022961,-1.03015131,-1.88494199,1.56404976,2.45785747,-0.65338436,0.45339848,0.04941739,0.46703598,2.96278837,-0.16882486,0.35088989,-0.23965073,1.20493461,0.87173608,-0.46796464,-0.71470491,0.05454652,3.09709286,0.42027484,1.21166728,2.2068436,1.39684098,0.25252481,1.25938162,-0.40993998,1.32250377,1.30111855,1.28988931,0.70742551,0.19232361,1.00381407,2.30824363,1.08409851,0.44016373,-0.61171597,0.08177798,0.40208075,0.14531929,1.43171501,0.440258,2.22323459,1.52160378,1.11154428,1.36180608,0.12400446,0.20981602,0.72949948,0.55000703,1.49270545,-0.22055401,0.21667379,0.29375447,0.95672856,0.64556114,0.0548681,1.46190828,0.75628228,1.05850061,-0.12722696,0.91071454,0.07915244,0.23555133,0.64177711,0.30749478,1.82394069,0.74450792,0.04852181,-0.70807583,0.37848057,0.18066203,0.78534792,0.76643296,-0.16198986,-1.43838303,1.14494927,0.92986214,1.35361496,1.03654287,0.86308809,1.03665976,0.44876545,1.10171601,1.84108143,-1.09976773,-0.07131,0.61798697,1.12170699,-0.17691262,-0.1211595,0.00413055,1.05992544,0.60751255,0.73230744,0.22051816,1.25322162,1.26667005,0.78908358,1.07819291,1.28152597,0.47375535,-0.35885364,1.87255129,0.91520004,0.92276657,0.65342961,0.57101736,1.13700451,0.68485186,1.4369797,0.59238867,-1.25206161,0.11693287,-0.21436614,0.02675201,0.13278557,4.47430829,-1.07073597,1.87247359,1.40295737,4.37012,3.22769727,0.89501126,-0.83904517,0.98073305,1.12524841,0.15478561,0.92105896,5.14912274,1.33032771,-0.22982966,0.19625069,2.64115579,0.20167944,1.01043485,0.40535583,-0.37516367,1.49392966,0.07359475,0.86978883,-1.84335857,0.97794754,-0.00752246,0.56563969,1.11475332,1.54645944,1.45107138,-0.28345186,-4.32945464,2.07010137,0.85673805,-0.81143975,6.87768195,0.49572283,0.21986183,-0.2941763,2.06281462,-3.22503123,2.79866239,0.53184483,-1.39390293,0.81266756,-0.40820062,-2.93418153,-0.04509816,-3.61173079,0.59547571,1.80299599,0.30771344,-0.64663615,0.58407716,-0.12651863,-0.894156,0.60053282,-0.87850804,-0.08907902,1.7575408,-0.10312106,1.0363711,-4.69044182,-4.3755431,0.51277624,3.75772604,-0.75363941,3.1117593,0.6747837,-1.83807229,-0.5476988,0.15159611,-1.06984208,0.23554962,0.0499673,-1.13221873,-0.50965843,0.06891322,-0.86297434,-2.42460395,-2.00053812,-2.80792795,2.64173343,0.23166632,0.81610693,0.93139493,2.30856737,1.33883677,1.01827571,1.52165334,1.48742549,0.26036899,0.94287174,1.3728971,1.01603744,1.61943626,-0.64551306,-0.05423992,0.18113472,-0.05640774,1.95376251,-1.39910685,-0.05506589,0.27726717,1.10357631,-1.46031978,0.20788229,-0.7703379,0.16963239,1.16509218,0.231548,-0.67509259,0.14864307,0.24835353,2.05312593,1.63543224,-2.21650301,0.69341462,2.02048005,1.18358977
0.08855863,1.9416473,0.25768149,-0.25590334,1.97452713,0.38248393,1.07288106,1.24357809,1.02729173,0.18417225,-0.68432905,2.73636636,-1.48516452,0.53034888,1.86185111,0.15651836,1.00200211,0.95533532,0.37172811,1.2643045,-0.98765734,-1.822162,1.41625633,2.4688775,-0.65179992,0.40430416,0.08461881,0.37536034,2.88381499,-0.24976862,0.37938394,-0.19627772,1.18178286,0.8450353,-0.22357636,-0.7089977,0.10770608,3.05679466,0.37115672,1.26697532,2.12644005,1.31626648,0.32231856,1.29252311,-0.28243234,1.74288748,1.20392118,1.33592897,0.60062939,0.25879826,1.07053218,2.20729923,1.08656671,0.52882323,-0.52911979,0.15211084,0.14875384,0.01576938,1.3397973,0.48486648,2.44181109,1.52505268,1.074614,1.39120217,0.15697302,0.01960805,0.83976655,0.56719333,1.42403831,-0.24721238,0.18865535,0.3777249,0.73780144,0.78442698,0.06620255,1.51479384,1.01949422,1.18415495,-0.08854159,0.72734388,0.12341582,0.32777439,0.78308532,0.22006566,1.74622564,0.67319703,0.15408181,-0.56155426,0.39887207,0.27221595,0.77442242,1.11991228,-0.18108037,-1.41246972,1.19119829,0.95029133,1.33348235,1.22560523,0.91361019,0.87632384,0.53849248,1.18899229,1.83993467,-1.03857866,-0.13989023,0.53149477,1.28539497,-0.0367324,-0.09008333,0.0640217,1.01195113,0.7431829,0.58488401,0.20565067,1.39371786,1.30126507,0.74180497,1.18528009,1.42737094,0.53410005,-0.5413284,1.93660459,0.90831686,0.88402996,0.69914543,0.6128819,1.2495938,0.67109141,1.11769892,0.68458455,-1.11096949,0.12763575,-0.24286177,-0.00693625,0.51249424,4.60600321,-1.07762865,1.67381825,1.64092239,4.28432736,3.75223303,1.07210832,-0.73448019,0.97216247,1.19215477,0.07554272,1.02293894,4.81827279,1.20856224,-0.39435556,0.1283452,2.72297003,0.37315309,0.98018655,0.30396899,-0.34235312,1.21135331,0.16338678,0.65601377,-1.87336858,1.32397381,0.03121758,0.68963237,1.32172229,1.53243689,1.50004882,-0.32340092,-4.45219068,2.17476821,0.78642037,-0.75221508,6.84349585,0.60370873,0.29934105,-0.19630983,1.91231114,-3.33498296,2.96662545,0.74773528,-1.3585718,0.68874318,-0.3066955,-3.03177495,-0.04416975,-3.62590699,0.45617223,2.31070143,0.40784139,-0.47927522,0.59671765,0.02156828,-0.89712116,0.71765624,-0.72835031,0.03229816,1.33706705,-0.13377657,1.16573611,-5.08663629,-4.34581429,0.82716641,3.70687609,-0.78971519,2.79451248,0.78743932,-2.0304958,-0.70063166,0.0130012,-0.76748514,0.54679488,0.46043857,-1.13587772,-0.42646523,0.22443128,-0.64749163,-2.3873762,-1.9255812,-2.83415031,2.77422244,0.15957669,0.96393691,0.86888458,2.31287615,1.33969688,0.91528841,1.45022834,1.51841995,0.44954144,1.09421776,1.19432601,0.81538357,1.32554823,-0.57834255,-0.19889079,-0.07212313,-0.13275654,1.39916029,-1.27764021,-0.16159934,0.54537432,1.12199973,-1.45702009,-0.25068656,-0.8052402,0.19902834,1.11081559,0.17073086,-0.59080976,-0.19370194,0.23302522,2.12960989,1.64412656,-2.21825731,0.05954224,2.14462701,0.99613866
0.09001874,1.78588467,0.35438632,-0.32469655,1.90435366,0.34347229,1.03970691,1.12869096,0.9916063,0.30765761,-0.68981738,2.766679,-1.67386524,0.63147604,1.95603053,0.14130577,1.49858356,0.85688185,0.40966954,1.26442538,-0.97297547,-1.82944688,1.54695916,2.44091502,-0.64469219,0.32943489,0.12502606,0.16346086,2.86812465,-0.06336854,0.36440894,-0.18901289,1.22437716,0.87559824,-0.35543392,-0.66885683,0.09346692,3.15668282,0.48144668,1.26083768,2.06554542,1.08113077,0.3309402,1.34217747,-0.38325724,1.75993362,1.33007157,1.23685474,0.68122798,0.24041783,1.01443412,2.06656228,1.11585202,0.54573594,-0.60827692,0.14173237,0.49912335,0.10842895,1.52675708,0.42167572,2.39874053,1.58448149,0.93773008,1.41215071,0.07739982,0.20347243,0.80694571,0.40485694,1.54791628,-0.37888921,0.32587636,0.3807274,0.73233513,0.73377431,0.07434734,1.54038009,0.99817892,0.92184006,-0.03569638,0.61756595,0.16601338,0.277874,0.81968957,0.22129179,2.06551771,0.6664872,0.16084404,-0.4175832,0.3416929,0.30453418,0.89871551,1.06933204,0.02048298,-1.38846762,1.07750955,0.93496168,1.44838789,1.29206921,0.95081425,0.7771294,0.85482361,1.1771838,1.81943958,-1.00211271,-0.09373761,0.5357945,1.18308111,-0.07296714,-0.06269985,0.07956502,1.09717037,0.59589734,0.57325963,0.22141542,1.38970205,1.48969971,0.80725336,1.21452553,1.30893771,0.56881011,-0.33050804,1.87395586,0.89110177,0.83963245,0.90128878,0.5760036,1.09759846,0.8445194,1.12911707,0.5975604,-1.17270983,-0.07462664,-0.14647797,-0.17608138,0.19087457,4.41883967,-1.00757625,1.8362394,1.46628948,3.96955935,3.49942447,1.14580314,-0.71689458,0.97322325,1.24337296,0.1665546,1.14725277,5.17697508,1.45418575,-0.22321111,0.09554887,2.80207093,0.36562071,1.04891382,0.3009134,-0.503006,1.52449345,-0.0364193,0.85356174,-1.8278984,1.49651806,0.11438563,0.71247717,1.26957507,1.50534749,1.38483699,-0.31267291,-4.62340773,2.31767155,0.49283962,-0.62387749,6.97134464,0.7336298,0.41873656,-0.30496846,2.10897771,-3.4649662,2.74594813,0.77406511,-1.38435712,0.60963872,-0.35801457,-2.99194107,-0.0310433,-3.72171558,0.5604769,2.11721926,0.57800851,-0.63969585,0.72252779,0.00804453,-0.97563962,0.65020644,-0.72143654,-0.05804148,1.17356862,-0.12368062,1.25268976,-5.03656192,-4.35223601,0.67680372,3.85029576,-0.79559602,2.76427244,0.772385,-2.12924837,-0.42387459,0.04260831,-0.73805015,0.5295467,0.07965855,-1.0727224,-0.42790312,0.29931035,-0.63843765,-2.53032396,-1.95253494,-2.82466581,2.60895867,0.2806916,0.84231369,0.66342168,2.43281479,1.39095438,1.4395489,1.38492155,1.38853664,0.43304565,0.94736192,1.14088759,0.82567794,1.32655482,-0.30607288,-0.07246768,0.04091442,-0.06666401,1.72011015,-1.43483063,-0.14403687,0.53154913,1.19149076,-1.39336773,0.55004545,-0.72434883,0.12447952,1.12726175,0.29284965,-0.63920212,-0.08122404,0.22594896,2.13827959,1.6839356,-2.11666537,0.66997925,2.11361187,1.05288802
0.03342991,1.81788059,0.31375056,-0.2615601,1.8926812,0.36197464,1.12699714,1.24126447,1.05156755,0.25680191,-0.64043621,2.68058535,-1.51712554,0.47410332,1.95130671,0.1605423,1.25705418,0.84079194,0.23495526,1.42595022,-1.1333044,-1.90965272,1.41808707,2.48000933,-0.72434434,0.38990044,0.02431607,0.54862911,3.0493899,-0.08799572,0.47245758,-0.22816443,1.18518983,0.75540007,-0.56090784,-0.61906862,0.06820859,3.14131918,0.54802183,1.26586499,2.03613274,1.38222899,0.29028065,1.37931127,-0.36359462,1.69811317,1.36385047,1.31849703,0.69898425,0.2044494,1.04754448,2.4211384,1.11053537,0.57563314,-0.60718175,0.10170124,0.29905456,0.06075523,1.27158391,0.47005372,2.24346571,1.49933222,1.03779053,1.24596599,0.12202569,0.07146443,0.77753316,0.55521562,1.37282388,-0.31399937,0.33999787,0.25591903,0.77723176,0.7711068,0.13657576,1.41602261,0.87343294,0.9642737,-0.00068575,0.73064914,0.19783743,0.21797561,0.72333741,0.05462216,1.63975453,0.71565983,0.15575131,-0.5349333,0.34776745,0.23511389,0.82413421,0.95394847,-0.18455891,-1.35608744,1.04369816,0.97558433,1.50042663,1.18693039,0.94803094,0.91156906,0.44440997,1.08330393,2.04624617,-1.168763,-0.10493055,0.54642003,1.12615718,-0.10884888,-0.12920174,0.08479917,1.06171093,0.76097191,0.6343366,0.19749235,1.35964391,1.3064531,0.60022611,1.27025306,1.22338677,0.37171208,-0.35976861,1.84695132,0.86807179,0.77121374,0.84806805,0.56369117,1.22438836,0.50038587,1.11858561,0.60203767,-1.16822341,-0.19761377,-0.21487149,-0.10548694,0.12038344,4.38273004,-1.09094547,1.8144707,1.45074067,3.97911312,3.45417227,0.46542464,-0.78748511,1.00181609,1.26466827,0.10119221,1.01887614,4.79928786,1.02625141,-0.1929905,0.24337771,2.71012575,0.08306394,1.08803304,0.27495643,-0.18339249,1.44080499,0.2076332,0.76504336,-1.89584348,1.28718544,-0.09015434,0.50415179,1.24307591,1.56886463,1.4125839,-0.28299541,-4.8716495,2.28648644,0.97621436,-0.78585801,7.39462014,0.7623548,0.34191247,-0.25801608,2.04417322,-3.30793204,2.8825384,0.79161407,-1.40600128,0.84681134,-0.26199038,-2.84701969,-0.19641945,-3.69925192,0.49097409,2.03305178,0.38845536,-0.80316342,0.62567569,0.04742453,-0.92843755,0.47926206,-0.69259849,0.07133333,1.47720648,-0.14035477,0.97189703,-5.04936641,-4.39400954,0.86459391,3.83356696,-0.83307656,2.96674576,0.75730929,-2.01537274,-0.5763499,0.25615341,-1.03589367,0.32722817,0.38135706,-1.15111427,-0.44720494,0.26994034,-0.99126611,-2.50215144,-2.00923487,-2.79970349,2.761451,0.22388225,0.85941343,0.60170991,2.46414918,1.36953775,1.32250428,1.23699179,1.57412242,0.4104657,0.97708481,1.17179391,0.74940761,1.34071896,-0.62303697,-0.04318587,0.2501336,-0.10188389,1.71341561,-1.48747494,-0.13207149,0.55391999,1.21008412,-1.47286976,0.21492107,-0.61681774,0.26251411,1.13304538,0.19944126,-0.52801532,-0.01592056,0.35635238,2.06234916,1.7242489,-2.31730634,0.66256808,2.08251862,1.16355198
-0.00488749,1.94159764,0.31340247,-0.25940639,1.81500611,0.35908112,0.97182009,0.99783054,1.03818693,0.18637347,-0.56336692,2.73201611,-1.43691845,0.56961931,1.9133941,0.148985,1.30844354,0.83405661,0.44390257,1.33681179,-0.98449639,-1.75932864,1.50590569,2.39586755,-0.71466187,0.44449305,0.03133557,0.30755691,3.18457185,-0.19529246,0.42215395,-0.11549987,1.26068012,0.78499944,-0.48331881,-0.68585951,0.02047222,2.68219105,0.43614988,1.23483849,2.12689108,1.19089984,0.39504447,1.3357776,-0.46009715,1.74806323,1.44194217,1.18746027,0.59933972,0.27816142,0.97478363,2.44301832,1.09420111,0.48314405,-0.52968871,0.10931501,0.31075299,0.01608398,1.55025844,0.35443688,2.53956904,1.4371489,1.09968384,1.20164013,0.13752843,0.11745864,0.75122041,0.61613012,1.3745098,-0.31435517,0.2988627,0.37317925,0.75921311,0.68572461,0.03363512,1.46676717,0.98632989,0.96418184,-0.15879612,0.82030245,0.13411369,0.19493428,0.6908936,0.18914235,1.84944128,0.62057044,0.16638546,-0.60410773,0.24845209,0.32430153,0.83271204,1.03829763,-0.07170503,-1.59151823,0.98306373,0.86773152,1.21997027,1.0779505,0.75267224,0.69200635,0.41118055,1.24807105,1.88100183,-1.00952601,-0.16293308,0.5291599,1.20790068,-0.16771278,-0.22192472,-0.01527218,0.98658794,0.59713749,0.56957077,0.21249727,1.31416621,1.44704224,0.66300219,1.12551264,1.4096748,0.30693266,-0.31422003,1.91977267,0.88872333,0.78899685,0.71982275,0.64209771,1.17630016,0.59014155,1.21631028,0.62805518,-1.18921337,-0.14173282,-0.29111187,0.10297907,0.7683824,4.68069666,-1.02923027,1.88121328,1.28581641,4.11503738,3.42596025,1.03105303,-0.74187301,0.95715582,1.39035653,0.16120767,0.97543128,5.02295044,1.30345594,-0.38314248,0.21998135,2.50288795,0.29644677,0.9589809,0.39241641,-0.45315659,1.24495021,0.22075066,0.47448814,-1.87293571,1.05508596,-0.02981695,0.57482131,1.11451559,1.37326246,1.50791147,-0.35999227,-4.68844734,2.00631403,0.59742164,-0.87517447,6.84809679,0.51821603,0.24175543,-0.34961896,2.12075778,-3.61851558,2.63137526,0.70972328,-1.52430328,0.73979459,-0.31538674,-2.8333155,-0.18238656,-3.64578154,0.37223086,2.13491427,0.58592978,-0.73651991,0.56988824,-0.02020182,-0.95460048,0.51160644,-0.63530954,0.073533,1.16891751,-0.15640432,1.00819253,-4.91291727,-4.43361272,0.46849534,3.81806749,-0.76079976,2.70825869,0.70603104,-2.1938088,-0.94110624,-0.0413071,-0.89272245,-0.00563595,-0.04389082,-1.18753808,-0.46782607,0.28727093,-0.99367778,-2.51754656,-2.05728154,-2.80224725,2.61177014,0.26093692,0.74959573,0.80509199,2.35295274,1.28850479,1.08889503,1.16718328,1.50973122,0.57287207,0.92625731,1.18785857,0.75822109,1.35797478,-0.46443626,0.08207412,0.01182903,-0.09062775,1.31511166,-1.26009846,-0.08125933,0.43153784,1.00980307,-1.41413086,0.42177813,-0.72698859,0.17657649,1.10343838,0.22098645,-0.5786281,0.12701322,0.29653017,2.03131482,1.70459173,-2.27092929,0.44515273,2.12244044,1.05777947
0.03989659,1.84899363,0.42629061,-0.43381884,2.04749888,0.41913958,1.03675683,1.05201633,0.99151456,0.28898525,-0.70826956,2.77886133,-1.56984715,0.55464945,1.85738103,0.17167179,1.01990737,0.81065079,0.1931246,1.41225792,-1.11480658,-2.0288502,1.46086866,2.47109084,-0.74553467,0.52846691,-0.00033537,0.52428644,2.70170307,-0.12353365,0.5395335,-0.19672442,1.11943739,0.78852229,-0.433166,-0.59355847,0.08459785,3.20495566,0.30060773,1.21550099,2.14172484,1.40538411,0.32309312,1.22945993,-0.44304726,1.90656128,1.35132537,1.20653275,0.70815005,0.37153806,1.12606402,2.38397111,1.11392708,0.46339116,-0.58464439,0.15440953,0.27065959,0.09212182,1.29478585,0.50239916,2.25539682,1.44384876,0.89968272,1.24280982,0.13134616,0.10542721,0.79950696,0.4258915,1.49928335,-0.29197305,0.4838531,0.43665089,0.84320648,0.78891067,0.11385468,1.49779955,0.96502375,1.15995663,-0.1723609,0.76863385,0.26129007,0.22572569,0.73143699,0.12027891,1.90871772,0.65634289,0.1792496,-0.5672079,0.37259703,0.41651021,0.73666316,0.97103743,-0.15820081,-1.45777409,1.03958712,0.86092016,1.33848173,1.34412851,0.91618638,0.86199613,0.39386253,1.09970466,1.8450149,-1.03587388,-0.09997489,0.66197164,1.24660828,-0.22125342,-0.04589739,0.11066448,1.08255166,0.65866516,0.53399252,0.05072216,1.38017115,1.38794558,0.5280243,1.33806937,1.2039163,0.59046623,-0.1872604,1.82227047,0.74438418,0.73316024,0.99004058,0.69771903,1.14268302,0.68134449,0.96421646,0.9016594,-1.09399901,-0.1961405,-0.29876116,-0.10240202,0.61553822,4.4119472,-1.17608208,1.79971226,1.40945795,4.28118726,3.37470713,1.16381017,-0.87401735,0.97742032,1.08036535,0.1212502,1.08583466,4.29608513,1.20159049,-0.28638853,0.11436446,2.72003043,0.21289639,1.09390172,0.23114457,-0.30372795,1.43674631,0.04255096,0.63132119,-1.84689988,1.30188634,0.05912487,0.57171609,1.14868168,1.53942413,1.40816693,-0.25312415,-4.57069679,1.96384317,0.41811375,-0.81950901,6.58766658,0.52836883,0.4071025,-0.25258796,2.21463396,-3.21544803,3.06172115,0.80971703,-1.41607367,0.85720676,-0.34404766,-2.96788926,-0.13264894,-3.65092682,0.53206837,2.01714387,0.35114605,-0.43354209,0.64003272,-0.07850962,-0.93592274,0.32790886,-0.81756839,-0.20383368,1.18309501,-0.12703792,1.1026837,-5.19604485,-4.38436642,1.00402551,3.85854081,-0.70330452,2.89247233,0.76002809,-1.84884618,-0.50780481,0.20036558,-0.91827439,0.29478563,0.26998367,-1.11200549,-0.38635082,0.21294607,-0.77542088,-2.42838055,-1.9675326,-2.81270877,2.72838801,0.26346813,0.8023966,0.58493857,2.33044075,1.35324574,1.18200754,1.01862278,1.48918695,0.45278672,1.14259852,1.10285755,0.86190862,1.50239097,-0.44556461,0.17645731,0.1791881,-0.03738819,1.55271489,-1.4125415,-0.20070195,0.74333924,1.1641088,-1.46167597,0.31846751,-0.75354112,0.50656264,1.14464965,0.16786212,-0.56840845,-0.07000978,0.30578495,2.19479685,1.72214684,-2.1591586,0.45344844,1.96076998,1.02147679
0.05025917,2.0347446,0.31995152,-0.38110263,1.85338323,0.46047454,1.05093193,1.21552344,0.91331268,0.27910669,-0.60856435,2.88268207,-1.39897909,0.47307891,1.73492448,0.15436252,1.21933981,0.8893428,0.4987441,1.40751032,-1.02177799,-1.79097073,1.57327457,2.43349486,-0.7458812,0.29704214,-0.05749654,0.65211191,3.04762293,-0.08977175,0.51467944,-0.1055985,1.14715366,0.79573083,-0.49934078,-0.64415891,0.00676735,2.87124887,0.35769161,1.21848185,2.15987865,1.40066692,0.25417958,1.31673776,-0.52354656,1.73022381,1.47414629,1.39364195,0.59313164,0.23753023,1.02204454,2.48636677,1.11625353,0.58008174,-0.52416093,0.1343092,0.40091115,0.15690249,1.51759844,0.42968576,2.54649095,1.51436692,1.0988074,1.28380971,0.15310278,0.1637768,0.74949264,0.49178635,1.46952403,-0.28521186,0.41427787,0.28564214,0.78931654,0.64413873,0.08482077,1.4711755,0.9494701,0.9286612,-0.09186298,0.85441773,0.13631389,0.22216756,0.76353699,0.2941011,1.85368084,0.67889228,0.26045034,-0.61271504,0.21565467,0.2370802,0.84170221,1.0381223,-0.15276345,-1.21869709,1.04639448,0.90520218,1.51100555,1.23061388,0.69659981,0.89168152,0.43431187,1.12695592,1.9273041,-1.01999417,-0.09663014,0.57041451,1.08429903,-0.33114285,-0.03342212,-0.03267479,1.05491574,0.42482042,0.71077546,0.16039449,1.37393055,1.37833549,0.77844458,1.15690557,1.46992923,0.56519229,-0.39424838,1.87010658,0.92701181,0.72148857,0.69693786,0.50574663,1.20990318,0.58553238,1.24100088,0.61959796,-1.18723371,0.21930809,-0.11365745,-0.26231129,0.57028227,4.48416661,-1.02164097,1.56781399,1.4326177,4.44481772,3.2596923,0.5965662,-0.69489627,0.96756678,1.33771779,0.14793716,1.09028525,5.25003257,1.11775928,-0.2850527,0.22054537,2.41065037,0.33256112,1.10741532,0.38459818,-0.39954231,1.21550292,0.05345328,0.64382904,-1.81867497,1.24692792,-0.02690693,0.49563959,1.1510808,1.58488523,1.56784918,-0.19841975,-4.64956624,2.28172975,0.5396163,-0.81778653,6.79999671,0.66509335,0.1410991,-0.3468997,2.17927642,-3.16821157,2.60735869,0.85418759,-1.37021783,0.87567389,-0.48814246,-2.93571884,-0.08053089,-3.67812785,0.34960817,2.17969759,0.39314084,-0.57300003,0.60442759,-0.01456852,-0.92340669,0.4137961,-0.78180927,0.10865922,1.20906941,-0.15113773,1.03363389,-4.93265227,-4.39549945,0.77246737,3.77455519,-0.85106379,2.97102284,0.67982338,-1.85208372,-0.54139964,0.12388581,-1.13437688,0.12224843,0.31418727,-1.10611425,-0.53671156,0.13723152,-1.0021087,-2.52703725,-2.04348827,-2.8122182,2.66727302,0.26662567,0.7051239,0.90170221,2.38579057,1.33293603,0.66754888,1.08737496,1.60443199,0.57757762,0.9335705,1.1625239,1.16397826,1.39872426,-0.40251941,0.0105994,0.08552968,-0.00307419,1.21402917,-1.33269983,-0.20078886,0.66787486,1.14729333,-1.4478063,0.2317714,-0.87126033,0.50220261,1.17710771,0.21439661,-0.54954407,-0.25908155,0.30549148,1.91413953,1.63518014,-2.30242012,0.34789961,1.96921436,1.20370132
-0.05869743,1.98620811,0.38094434,-0.2901824,2.03577802,0.48653123,0.99851647,1.23407367,1.11947033,0.33045776,-0.66586878,2.75935642,-1.55004097,0.54281035,1.90475995,0.18924885,1.08179039,0.83900899,0.32898823,1.49731087,-1.04621502,-2.01247888,1.47465578,2.4155719,-0.64632853,0.44530626,0.01725403,0.59728395,3.13718188,-0.09562526,0.40877312,-0.18680228,1.19884321,0.7693356,-0.39249747,-0.54905556,0.01617131,3.17281514,0.40368121,1.21366771,2.09962692,1.51934512,0.36156171,1.29349557,-0.50874906,1.56100616,1.1789214,1.28445282,0.60030078,0.29806982,1.03454284,2.37842008,1.14215906,0.5825401,-0.60540839,0.05729683,0.23013645,0.10386652,1.36162325,0.44712694,2.45765088,1.6208978,1.20683372,1.33233578,0.20070254,0.15379889,0.7880457,0.58512937,1.54367577,-0.19900784,0.32020714,0.2777737,0.65042385,0.55634841,0.08000417,1.38612098,1.07721979,1.06728873,-0.1303213,0.80019869,0.16342022,0.20960757,0.64595906,0.4060849,1.78934033,0.75023438,0.146578,-0.59403249,0.24230717,0.24948787,0.82672178,1.01093461,-0.12890207,-1.20040052,0.92532461,0.79391802,1.46149709,1.20466101,0.75750043,0.79102734,0.40557505,1.17054853,1.86130701,-0.96210281,-0.12814614,0.59943479,1.20570434,0.00154404,-0.11957322,0.02945349,1.10811668,0.84849794,0.53256786,0.24460462,1.42355884,1.35894826,0.7521898,1.16749877,1.33845503,0.43552012,-0.26793857,1.93386345,0.89170592,0.75185668,0.88805195,0.59115905,1.12928195,0.59157324,1.07424707,0.83871147,-1.21094667,-0.14351229,-0.23291485,-0.23210179,0.34726475,4.63932438,-1.12567767,1.71423883,1.32931171,4.34175462,3.4397676,0.73353836,-0.78683878,0.97731945,1.37270115,0.1025199,1.02841213,5.17637542,1.34913287,-0.21290298,0.12219465,2.52975198,0.22791541,0.96084783,0.31102524,-0.23904251,1.16862156,-0.04805995,1.74573486,-1.70058064,1.24574845,-0.02818809,0.66958252,1.1357876,1.45342539,1.35987734,-0.20072209,-4.64768787,2.15854825,0.82043184,-0.80718417,7.06626144,0.62986185,0.02318399,-0.39091558,2.16108378,-3.5531519,2.52586326,0.79947179,-1.42226907,0.5715076,-0.4358993,-2.98936173,-0.2839507,-3.58731105,0.35514357,2.02893983,0.36476629,-0.54022689,0.5916661,0.07541488,-0.93023772,0.49782994,-0.77915668,-0.01589725,1.3684602,-0.12939074,1.1422653,-4.89593317,-4.41959965,0.9232282,3.79470241,-0.8488622,2.77682752,0.68188989,-2.09295106,-0.27762923,0.1153271,-1.0161013,-0.01455746,0.29161221,-1.08460992,-0.47959727,0.1943658,-0.96642487,-2.6010522,-2.10390148,-2.79642059,2.86914143,0.19396766,0.70470719,0.80798562,2.31156298,1.35910273,1.22750705,1.4082801,1.71640886,0.53745499,0.89093716,1.46607461,1.09316464,1.46541965,-0.41148281,0.0574812,0.196852,-0.22796634,1.31929401,-1.37110534,-0.05242991,0.49166565,1.0026509,-1.41730504,0.4755507,-0.80093441,0.26966577,1.15089343,0.22742245,-0.57784382,0.01332022,0.32775465,2.04478567,1.72297088,-2.09485336,0.12678999,1.9906605,1.22013209
0.09662746,1.89563899,0.50349102,-0.38036025,1.84034072,0.33624455,1.04263238,1.06109866,0.97488335,0.23881517,-0.64085642,2.7369805,-1.58152061,0.52173401,1.8622207,0.17449521,1.05275734,0.9889453,0.20701791,1.35655659,-1.02995201,-1.83486048,1.46736393,2.44868669,-0.74055862,0.22487274,0.06979655,0.27451534,2.93528704,-0.336996,0.44770792,-0.1908587,1.19467217,0.66584871,-0.34852139,-0.6174363,0.05190745,2.94121657,0.35242785,1.19648501,2.05733323,1.25542621,0.22848389,1.36721233,-0.45764138,1.74284411,1.31730477,1.23754355,0.6198745,0.19366076,1.06593965,2.50077969,1.0512691,0.55266909,-0.58763064,0.08610952,0.27643427,0.2330165,1.38628526,0.41967961,2.3129251,1.60405515,1.10074252,1.30497142,0.15170841,0.09725657,0.74938455,0.48225652,1.53674726,-0.27467224,0.59864575,0.32457432,0.76083094,0.92970322,0.09413859,1.48304249,1.01713825,1.00503979,-0.18117712,0.65270129,0.19610361,0.25540766,0.73475679,0.11378628,1.8936605,0.66221954,0.075549,-0.59782055,0.27063314,0.25913633,0.85074173,0.93960298,-0.09231833,-1.36486427,0.98959773,0.85493178,1.35826168,1.14637821,0.7780196,0.89362605,0.41646797,1.05587202,2.00814256,-0.98139639,-0.16154211,0.64050062,1.10184035,-0.0027941,-0.14041215,0.04531826,1.04186829,0.74411486,0.67398043,0.37631404,1.25407313,1.39697506,0.76245047,1.38620443,1.40419569,0.24351276,-0.31760991,1.92861578,0.91093593,0.71322078,0.68832017,0.62071029,1.17945304,0.63814106,1.22249254,0.71374093,-1.12300472,-0.20106206,-0.20290712,-0.09455989,0.38407405,4.27544031,-0.97312926,1.47565274,1.34876068,4.45207616,3.71390669,0.54312523,-0.65002975,0.95761969,1.27492312,0.08750566,1.11151429,4.75554488,1.42296352,-0.2900186,0.11510903,2.69568554,0.27601532,1.03816193,0.34204313,-0.41614818,1.38097608,-0.12693864,0.88180591,-1.85941505,1.33986975,0.12402415,0.54807737,1.16558655,1.54180099,1.50469684,-0.27433278,-4.6558493,2.09995768,0.4821431,-0.9064584,6.80011818,0.69527904,0.19430893,-0.29868421,1.98770283,-3.34074989,2.98255541,0.77898647,-1.3675198,0.63868878,-0.37567019,-2.84271172,-0.07638566,-3.63467326,0.58753619,2.10444715,0.36918267,-0.57529767,0.57933438,-0.01495118,-0.91748825,0.78754526,-0.57448245,0.0147087,1.20123443,-0.11107827,1.0193213,-5.44444131,-4.40372827,0.90907439,3.75844126,-0.840272,2.88418263,0.69169373,-1.91721924,-0.64167498,0.15447085,-0.74172881,0.17259377,-0.08714743,-1.15766223,-0.4878838,0.09488077,-0.95046382,-2.55324405,-1.99790758,-2.81680332,2.87103485,0.21586233,0.77203868,0.77933568,2.33977378,1.36393899,0.4774872,0.97759247,1.20818336,0.49306245,0.73077278,1.28506747,1.11241782,1.4667917,-0.72769606,-0.00852439,0.27280917,-0.12628847,1.74927527,-1.31814935,-0.23808582,0.5036311,1.06821912,-1.46620601,0.39434403,-0.79860814,0.20825726,1.18308496,0.28349332,-0.61200271,0.01532289,0.33090858,1.95656552,1.60041876,-2.30890738,0.35461844,2.02046501,0.99045112
0.03794707,1.80349629,0.32556152,-0.27362375,1.98208645,0.38694342,1.02636344,1.11155668,0.96718856,0.17631853,-0.63595112,2.77373276,-1.47126051,0.54644669,1.90554379,0.15114103,1.14680603,0.90425706,0.42782602,1.29250527,-1.12531116,-1.82225224,1.39757086,2.42029128,-0.71848004,0.3044166,0.05175332,0.58576181,2.84054728,-0.21870755,0.37859181,-0.28199597,1.20358398,0.64369895,-0.35948069,-0.66955396,0.17357132,3.14504609,0.21529139,1.1621742,2.05603224,1.08150661,0.32377272,1.31142206,-0.23256766,1.63124571,1.44318974,1.27049896,0.67932139,0.39818085,1.07813401,2.28919609,1.10275653,0.53883075,-0.58150471,0.15765311,0.16361252,0.07170386,1.38691113,0.62021966,2.7280854,1.56509116,1.11434464,1.48452823,0.19790269,0.19288817,0.80654696,0.52073691,1.59154387,-0.36950313,0.45996673,0.3177479,0.82214593,0.65196528,0.05220802,1.398181,0.93376918,1.20031709,-0.08821206,0.7844619,0.12239855,0.28718964,0.79272154,0.2597076,1.94733941,0.68560066,0.17250607,-0.56418905,0.52324101,0.23267884,0.80130792,0.93768732,-0.05247992,-1.49850252,0.96523581,1.04471698,1.36994516,1.14723341,0.98877448,0.89476202,0.29051504,1.0877019,1.67253776,-0.95072942,-0.1574792,0.32440506,1.15673317,-0.05584747,-0.11757217,0.00882124,1.00603913,0.68199908,0.44461192,0.17550332,1.23412736,1.31775495,0.59295517,1.20493637,1.41312594,0.63442011,-0.3002412,1.86182408,0.8079627,0.83090553,0.70750965,0.61478976,1.17984305,0.76278056,1.1800091,0.77562189,-1.11406296,-0.0729337,-0.14401951,0.1240752,0.10468384,4.92232567,-1.05160621,1.77586655,1.48102724,4.23635173,3.56940311,0.93526998,-0.80954853,0.97196958,1.25529614,0.04707808,1.03224916,4.9612945,1.20633264,-0.32202965,0.13822022,2.7496854,0.35471365,1.05890412,0.3106988,-0.09817017,1.28713948,0.18458403,0.67880509,-1.81093526,0.87400313,-0.22095073,0.67129177,1.31270343,1.45702157,1.50170377,-0.27127407,-4.79246831,2.09369879,0.52939693,-0.80557748,6.99155557,0.63421038,0.36788263,-0.14890547,2.03262712,-3.46600971,2.64414465,0.719737,-1.41989778,0.92039855,-0.46103114,-2.90494146,-0.10620735,-3.64714785,0.46145911,1.97903578,0.40064977,-0.59498828,0.60537445,-0.08942267,-0.99566435,0.2984972,-0.50828117,0.08124606,1.14499559,-0.097602,1.10970372,-4.56001266,-4.34311498,0.86529217,3.8043308,-0.83208677,2.63253744,0.8906529,-1.81577335,-0.65094843,0.23617723,-0.92747331,0.81264754,0.12129369,-1.09023821,-0.46194568,0.35935672,-0.46769268,-2.47713599,-1.86024402,-2.81583558,2.554276,0.29488359,0.99760474,0.76310717,2.1792055,1.36216034,1.2041805,1.06930225,1.76660338,0.31125975,1.08755953,1.24881996,0.8636321,1.21234733,-0.50419469,-0.07417407,-0.00532416,-0.12808471,1.81304481,-1.45651529,-0.10175945,0.26857272,1.11619116,-1.47233782,0.28580957,-0.9917087,0.13880741,1.09935128,0.18387662,-0.62875158,0.18086491,0.32163443,1.8132102,1.64993694,-2.09811266,0.13875382,1.89678492,1.10588487
0.11036437,1.90201565,0.36146136,-0.3490434,2.07351258,0.4092653,0.98203403,1.23922644,0.91582281,0.14652878,-0.68619546,2.71788258,-1.5761077,0.60205195,1.77894325,0.17907714,1.19123565,0.85212733,0.21918327,1.27488923,-0.99146127,-1.78221163,1.62273296,2.52245353,-0.69083237,0.26194737,0.06574289,0.7497112,2.54108711,-0.17929978,0.41417936,-0.18798041,1.20310802,0.80104867,-0.43806676,-0.61173859,0.1015142,3.02471542,0.34320094,1.18712164,2.12304601,1.19497305,0.40530148,1.342782,-0.35081615,1.63624652,1.4604828,1.26495665,0.70246685,0.14212586,1.08804182,2.48896392,1.06145541,0.60716095,-0.57594713,0.18471,0.38259693,-0.0622694,1.46975257,0.41569214,2.5999158,1.4727297,1.04203527,1.36602424,0.16670505,0.10827245,0.78404496,0.57688754,1.53082968,-0.3655679,0.30493141,0.32255118,0.77492541,0.59378808,0.10281687,1.49818845,0.94249905,1.04916645,0.07533029,0.77041602,0.12265588,0.26203529,0.74672161,0.15991717,1.7109021,0.67895718,0.16981593,-0.49636209,0.40772166,0.17469955,0.78486147,0.89094363,-0.26002143,-1.28006657,1.31054611,1.01590483,1.35635461,1.28560403,0.94514532,0.81152652,0.39271129,1.17193799,1.84387207,-1.06446562,-0.14204771,0.52941142,1.20356258,-0.08033757,-0.08421488,0.03000731,1.01918898,0.63926975,0.56041284,0.20261056,1.2141816,1.26580401,0.62583925,0.97001934,1.43266013,0.28151514,-0.3720637,1.84928836,0.7976863,0.71228921,0.8063854,0.56927689,1.05250028,0.78843165,1.13686849,0.68635949,-1.12637074,-0.13290789,-0.20324017,0.09864739,0.64003939,4.29887945,-1.00706392,1.86652104,1.46092262,4.11765826,3.30339953,0.62315958,-0.92088767,0.97343668,1.28263284,0.12704988,1.26031947,4.81692195,1.3532665,-0.25940819,0.13506238,2.55024641,0.33082939,1.1159787,0.39715412,-0.42532524,1.5630587,0.18720864,0.85832783,-1.83805308,1.06953157,0.01728012,0.63040122,1.11953532,1.54269012,1.50018894,-0.24413054,-4.79020928,2.12228245,0.98532009,-0.58382622,6.81297356,0.41832507,0.23880008,-0.25449059,1.90198242,-3.09990611,2.66101182,0.50683665,-1.40288853,0.7570753,-0.44419349,-2.94324079,0.07311921,-3.54390047,0.5237881,2.07451253,0.22738272,-0.78402585,0.65135372,-0.0804318,-0.95294145,0.13976347,-0.65575274,0.11192062,1.19533468,-0.15285421,1.09379133,-4.92540537,-4.35026599,0.48782966,3.8147569,-0.70070563,2.77838484,0.77289389,-1.98301797,-0.53649144,0.16572384,-1.04257486,0.31434286,0.29276643,-1.08120135,-0.47864259,0.27005978,-0.74207687,-2.46485561,-1.96103673,-2.81589799,3.08145055,0.25127284,0.87694735,0.68697169,2.48658907,1.39744089,0.94552105,1.49441668,1.7607113,0.30578154,1.03011893,1.25423793,0.82455299,1.46096692,-0.59271898,0.00433918,0.23653161,-0.06530894,1.22742078,-1.30202416,-0.04447192,0.50992821,1.19101378,-1.45212186,0.08163758,-0.90902478,0.33780067,1.1505599,0.18308744,-0.63350984,-0.12680519,0.36849731,1.89789429,1.71495922,-2.3741759,0.51875114,1.88894905,0.96575544
0.01517525,2.01808137,0.43205221,-0.30114003,2.02260202,0.47305372,1.00166529,1.09706735,1.01198876,0.3575598,-0.70613234,2.75464616,-1.54966118,0.54354146,1.88455369,0.18900029,1.24321657,0.84732948,0.15367714,1.40277125,-1.00166303,-1.80409993,1.51907929,2.55216696,-0.67774324,0.32753705,0.07761085,0.57902147,3.03549423,-0.16051737,0.46778862,-0.15307106,1.18150878,0.6737558,-0.48352013,-0.6672582,0.08475387,2.99238947,0.59209789,1.2203205,2.13077906,1.58082261,0.33571018,1.31294855,-0.37563197,1.88872327,1.38095654,1.27041273,0.65402674,0.36064185,1.01584264,2.22913267,1.10626643,0.42460267,-0.56088365,0.10528475,0.21789483,0.19169002,1.57214558,0.5926802,2.46100835,1.66829959,1.05210703,1.26671349,0.08418361,0.10297946,0.8524914,0.54939589,1.53050229,-0.356731,0.34746833,0.35788964,0.7620247,0.66274952,0.16067504,1.5326145,1.0068354,1.03612534,-0.11986799,0.73395647,0.17826614,0.23676309,0.76178948,0.19298804,1.82816355,0.6070844,0.11970879,-0.46467726,0.36138894,0.26913623,0.80593898,0.96771937,-0.07946536,-1.27406474,1.19845108,0.94286622,1.31201297,1.32851961,0.84980359,0.94290711,0.38045455,0.97389857,1.82178487,-1.0849358,-0.11326441,0.44910623,1.09000547,-0.0265221,-0.14548385,0.07726689,1.03591468,0.60467646,0.61725185,0.35807986,1.42335162,1.34154767,0.82411714,1.15447861,1.30373267,0.56094853,-0.29809668,1.96158563,0.93661626,0.51015322,0.64463962,0.57627684,1.16619032,0.67687846,1.14257765,0.5269426,-0.99144202,0.12783266,-0.24821228,-0.14044879,0.32726955,4.62274641,-1.1613854,1.63989501,1.32078556,4.40345613,3.2601609,1.20526582,-0.66475212,0.98280772,1.08221499,0.10116264,1.05239801,4.72382865,1.45114132,-0.27225009,0.13154202,2.67534651,0.09742759,1.15167457,0.10624131,-0.29808395,1.48074634,0.10974399,0.64849745,-1.69246085,1.46938429,0.02730779,0.55661187,1.23958669,1.60230276,1.43833584,-0.31641163,-4.66349684,2.14348401,0.6585366,-0.79140051,6.24139962,0.59978333,0.18053259,-0.27139975,2.05682181,-3.17548997,2.60409872,0.7642238,-1.436484,1.08665467,-0.32649778,-2.88873364,-0.16462036,-3.81529537,0.62059776,2.01864345,0.38894107,-0.67632338,0.52927226,0.06232129,-0.89584389,0.45450805,-0.71573647,0.17535486,1.30693141,-0.13530425,1.28279408,-4.95754268,-4.38137148,1.15662308,3.71563436,-0.71316673,2.64720785,0.75528424,-2.03620661,-0.41197703,0.15146933,-1.36085773,0.33375994,0.28646513,-1.07144156,-0.52947616,0.2735897,-0.82596155,-2.49226633,-1.9836669,-2.81212254,2.58793113,0.27937943,0.85368028,0.70036679,2.17560717,1.37545189,1.35370512,1.36526785,1.65210238,0.57976771,0.94549758,1.40779948,0.96893533,1.3500049,-0.54469728,-0.04801228,0.26611668,-0.2161932,1.71068749,-1.31779388,-0.05749871,0.4416174,1.07938401,-1.39556418,-0.00754906,-0.83323459,0.32849484,1.19168881,0.25770166,-0.5191397,0.01926828,0.30474484,2.28140453,1.70259387,-2.38762875,0.48837146,2.11586763,1.10347556
0.17007267,1.88984153,0.43657527,-0.34832434,2.01534258,0.3252958,0.99136759,1.22858654,0.9848354,0.20197109,-0.68538362,2.82047415,-1.48704136,0.60833155,1.97334072,0.18686135,1.21776187,0.87698014,0.26120298,1.33736555,-1.06127017,-2.0096171,1.33562617,2.43808775,-0.76311798,0.29363063,0.0081962,0.68502517,2.82353708,-0.09489403,0.39900174,-0.21630592,1.21086497,0.79844048,-0.57859417,-0.7265891,0.01056013,3.03144193,0.45218974,1.26109213,2.02661414,1.25210275,0.33016762,1.41876985,-0.46870307,1.73759122,1.29325212,1.25894911,0.56367105,0.17643572,1.00399346,2.13967547,1.03745737,0.36304168,-0.60158837,0.1526515,0.07122429,0.08365225,1.2610578,0.40134816,2.45285529,1.37211015,0.92688712,1.37113274,0.1009881,0.07746284,0.77252472,0.60461623,1.4901293,-0.42467008,0.25072026,0.2991787,0.69391189,0.91477269,-0.0002427,1.36222975,0.98227131,1.04376875,-0.02984154,0.79400324,0.20090652,0.23685803,0.75672919,0.1980345,1.70702487,0.71095747,0.09029768,-0.69721364,0.21685713,0.19919267,0.76131321,0.95151317,-0.07942958,-1.43015441,1.0017996,0.89423656,1.41497706,1.16804443,0.80521416,0.8524286,0.39777933,1.03762737,1.68887208,-0.99056021,-0.12417813,0.50336982,1.14318995,-0.14176448,-0.11325271,0.00290028,0.99805171,0.62154578,0.66441626,0.1527485,1.28839597,1.32216514,0.70248719,1.19654915,1.21796725,0.52213009,-0.31105367,1.92854464,0.97298641,0.90274884,0.79929626,0.64803683,1.29389686,0.66057229,1.21687947,0.64124024,-1.12346905,-0.16198351,-0.13438908,0.13659216,0.66583633,4.41979545,-1.07508734,1.74069388,1.49323792,4.18442283,3.43459552,0.93120338,-0.99872061,0.96194586,1.25061433,0.10124343,1.02525177,5.03118302,1.12196492,-0.31480096,0.06252999,2.68146736,0.24781576,1.05485116,0.46373018,-0.41569897,1.41662127,-0.11508087,0.7746919,-1.81302608,1.3455335,-0.11580843,0.59283721,1.11224769,1.50626529,1.15788075,-0.29162817,-4.53859166,2.10267415,0.95826578,-0.88067398,6.74793003,0.62075237,0.23838769,-0.35616058,2.04450811,-3.48743031,2.67022105,0.77455059,-1.37721014,0.50690371,-0.35255817,-2.88898632,-0.07847261,-3.46503118,0.54081364,2.03153929,0.50535405,-0.63320733,0.48734089,-0.02961188,-0.9599844,0.54191396,-0.98440762,0.0114977,1.04162795,-0.13602862,1.17864102,-4.84097906,-4.40005973,0.92573165,3.7476927,-0.67694056,2.85023616,0.67584554,-1.85803348,-0.45744399,0.12895174,-1.20349124,0.0671035,-0.03858941,-1.21740953,-0.49420021,0.19139006,-0.9583624,-2.69485759,-2.0447913,-2.80538691,2.49269642,0.27501567,0.69203163,0.62813411,2.55413139,1.34545516,0.98488756,1.20182713,1.57320003,0.24400767,0.91773798,1.28386522,0.92704215,1.19516895,-0.51755819,-0.13133179,0.05092826,-0.03008957,1.6299464,-1.35866347,-0.16982457,0.53648262,1.02591679,-1.43692093,0.05677142,-0.91710775,0.34156429,1.18311621,0.18467399,-0.64796698,-0.10110966,0.24270951,1.9220895,1.66906014,-2.3767424,0.46169873,2.05538267,1.27992191
0.08780371,1.93786335,0.28816084,-0.33057017,2.02119843,0.29975233,1.11235852,1.11315067,0.86644837,0.24199923,-0.61786347,2.68952698,-1.52230219,0.50719822,1.94177796,0.19047291,1.18773702,0.86921526,0.17967231,1.26065152,-1.09819232,-2.15753575,1.61982812,2.3948174,-0.68952649,0.4345396,0.04711145,0.39475734,2.80865662,-0.3424449,0.3741333,-0.14792683,1.20971065,0.8450725,-0.56711325,-0.6338023,0.16537147,3.19112492,0.2541252,1.24472258,2.03014773,1.23851908,0.37296326,1.32661266,-0.22352769,1.657298,1.39816895,1.25478471,0.66311146,0.35372924,0.88721714,2.45241405,1.09183666,0.43242748,-0.63718214,0.07386357,0.28046092,0.09665136,1.25371827,0.38477562,2.43777142,1.54967825,0.86741273,1.42125438,0.12611836,0.05088158,0.73313274,0.48099954,1.41985092,-0.346554,0.3260456,0.30143653,0.70160729,0.6195404,0.22868164,1.46031727,0.9701176,1.13543348,-0.13876584,0.66327656,0.17950799,0.26795759,0.76469201,0.1592317,1.91052791,0.56624078,0.17476245,-0.63948132,0.4515665,0.2558986,0.79691218,0.90298053,-0.08875903,-1.55186281,1.01638965,1.00197973,1.28420387,1.08662427,1.06414951,0.81745646,0.36563106,1.2140732,2.02307318,-1.09818166,-0.02036626,0.44825914,1.16418137,-0.10777328,-0.01730588,0.11218671,1.05145812,0.65181825,0.68261157,0.26165111,1.41396439,1.38692732,0.75512513,1.28580068,1.08594473,0.29652912,-0.48051262,1.79423343,0.85981575,0.65595509,0.7117361,0.60563114,1.18507106,0.43775886,1.12281792,0.79772533,-1.04215617,-0.23255465,-0.17435764,0.10920119,0.16023436,4.36641498,-1.06322266,1.70889224,1.45472228,4.10946827,3.4953083,0.66514285,-0.85826125,0.97297688,1.19921735,0.10911277,1.07668306,4.44762298,1.33015813,-0.29334484,0.23792331,2.79693764,0.30557265,1.02279027,0.22532491,-0.19392897,1.30409181,-0.04925688,0.86364655,-1.8428054,0.86759594,0.04909332,0.44942739,1.06063411,1.52299355,1.38848907,-0.26227022,-4.88188524,2.17355245,0.63137065,-0.72280735,7.06774386,0.68612029,0.15820961,-0.16995233,2.25675328,-3.77826105,2.55969442,0.77294501,-1.43856106,0.64415708,-0.44761063,-3.00138501,-0.1029669,-3.77350865,0.44184686,1.79837165,0.18073488,-0.47410481,0.46102944,-0.12509747,-0.94352183,0.24574182,-0.73970122,0.02439015,1.07076923,-0.13332198,0.78713599,-5.15194923,-4.30995422,0.37121148,3.77086629,-0.7494578,2.63535913,0.87610734,-1.92249777,-0.55133888,0.11458074,-1.0650428,0.56717058,0.13845237,-1.08733291,-0.43986151,0.39659739,-0.31021033,-2.47948048,-1.88413977,-2.8168594,2.58982686,0.23332892,0.98322086,0.86667311,2.31560245,1.37559316,1.10753208,1.46629871,1.65858161,0.3125928,1.09637274,1.26509276,0.44574122,1.02236211,-0.50084233,-0.11811533,0.34075363,-0.0930638,1.85772707,-1.41453146,-0.09863384,0.30725633,1.14770702,-1.46887191,0.56067459,-0.88219798,0.34367845,1.17045266,0.210191,-0.5798725,-0.10788491,0.24092092,2.09304205,1.62020744,-2.32953562,0.57887748,1.9053327,1.11158275
0.04272979,1.8746564,0.15231357,-0.27832999,1.91150669,0.40967585,1.11823342,1.13591731,1.05688257,0.31213904,-0.62372826,2.89215155,-1.49974753,0.48129027,1.85161074,0.14812712,1.22549457,0.84321083,0.2611815,1.40760697,-1.11309682,-1.89062917,1.29049419,2.44091337,-0.7233017,0.42694411,-0.01901493,0.25244625,2.83505372,0.01938545,0.35955834,-0.26653807,1.27792931,0.97744299,-0.43383782,-0.71819446,0.14476829,3.22191212,0.41027905,1.23393104,2.1601505,1.67098975,0.34499621,1.27799542,-0.2533066,1.78390453,1.39190866,1.28658399,0.65607618,0.27041538,1.06210592,2.42637026,1.11617297,0.59948302,-0.60756868,0.04088498,0.25425705,0.03521203,1.38475326,0.38051098,2.57092515,1.54485405,1.04797633,1.33436939,0.11103501,0.10200319,0.83196728,0.53745004,1.51799795,-0.41872664,0.20306994,0.31583158,0.68085694,0.75481187,0.16288281,1.46709795,0.95321964,1.14769884,-0.03926503,0.62282536,0.12377768,0.27422617,0.75862065,0.16426167,1.95206294,0.63908837,0.16738051,-0.58452281,0.48207472,0.22326462,0.81206096,0.78294418,0.00868818,-1.37787391,1.17957927,1.06836867,1.45880761,1.17346692,1.04799836,0.86488081,0.27965224,1.27789485,1.84781568,-1.10701842,-0.11788691,0.60306151,1.256784,-0.0525746,-0.13686751,0.00769743,1.0144162,0.5496812,0.57807083,0.15338915,1.36901962,1.42022431,0.69981647,1.1454565,1.36665131,0.63635702,-0.39104945,1.88486723,0.79389998,0.82684683,0.73783735,0.64642579,1.15074756,0.53047781,1.20522623,0.59316539,-1.14483118,-0.06342377,-0.4361063,-0.12933285,0.48640588,4.33812268,-1.08579331,1.59792572,1.38344474,4.23918687,3.56098019,0.67211736,-0.9048949,0.97267224,0.97687717,0.14469878,1.16016987,4.74197063,1.28423553,-0.32104349,0.22193693,2.76766955,0.25514614,1.03136442,0.30191886,-0.33744759,1.34720496,0.1655849,0.45616397,-1.96674122,1.11153436,0.04329054,0.53486518,1.25186406,1.52747295,1.57683958,-0.24639021,-4.8461894,1.91074888,0.62371449,-0.81718704,7.11280683,0.77840849,0.30933152,-0.11943971,1.90853563,-3.0935239,3.08889736,0.81279708,-1.3435685,0.73841123,-0.50464927,-2.85997043,-0.12417042,-3.73126857,0.45745449,2.08416706,0.23293157,-0.5625018,0.68856277,-0.0848994,-0.93720253,0.1273312,-0.61124922,0.13012679,1.0564687,-0.12352523,0.98936393,-5.10367619,-4.30627521,0.94504139,3.80892912,-0.79405034,2.63188653,0.81647511,-2.21638578,-0.61292286,0.21488176,-0.92460512,0.77514866,0.31733554,-1.10590588,-0.42176339,0.25719635,-0.53170045,-2.39391376,-1.88252769,-2.80907225,2.81548291,0.20889181,0.99652866,0.73799158,2.47335895,1.38531452,1.10631484,1.64338959,1.5915708,0.32676825,0.98842963,1.31492593,0.81482008,1.51955983,-0.55778432,0.06089172,0.13548329,-0.0558465,1.6354912,-1.39343393,-0.08218556,0.54003694,1.11796978,-1.44168719,0.44606499,-0.8496978,0.36643895,1.15771821,0.22423225,-0.68659632,0.23473217,0.35744134,2.13624504,1.68368143,-2.28318719,0.49776733,1.57066147,1.0792634
0.08744047,1.92815448,0.36818906,-0.18201444,1.77935418,0.44854145,1.02009523,1.16043194,0.87978757,0.20530432,-0.71737694,2.60767904,-1.37086376,0.66515729,2.12411711,0.16365917,1.29746803,0.82497983,0.66984569,1.27607561,-1.06692245,-1.94178674,1.50989453,2.3890967,-0.72931542,0.53080119,-0.03703493,0.53044694,2.75734644,-0.10593173,0.35056024,-0.30391555,1.19269707,0.67581026,-0.45265109,-0.71282107,0.15647644,3.12593812,0.31710342,1.14549466,2.09014306,1.52754918,0.34479368,1.34795631,-0.27149081,1.45339902,1.40955999,1.34530645,0.6664693,0.27267924,0.9982419,2.440823,1.05154098,0.47901981,-0.59328184,0.06826518,0.16543525,-0.03279833,1.45236127,0.44274509,2.5204553,1.28981013,1.07428662,1.36450839,0.16157209,0.17460289,0.80832677,0.65550935,1.46789331,-0.38597168,0.34137964,0.31433399,0.80425214,0.76480182,0.09728759,1.51479464,0.97855423,1.22622826,-0.05298305,0.63767346,0.16535736,0.25693571,0.73705929,0.17317402,2.03044642,0.4341602,0.18031299,-0.57385719,0.5467132,0.09782181,0.79881858,0.87696272,-0.14718267,-1.47933248,0.94143003,1.0553471,1.413563,1.1841645,1.0810846,0.9798938,0.47784947,1.1690934,1.8619956,-1.10147581,-0.14541717,0.48860123,1.17006237,-0.02949083,-0.20441065,0.12750269,1.04540984,0.72569652,0.51565413,0.08301127,1.38181845,1.35313857,0.72537662,1.08788404,1.34141012,0.42746711,-0.37090731,1.84379885,0.80142018,0.90414235,0.76721941,0.65597106,1.09230007,0.49076269,1.26534248,0.55198728,-1.10906583,-0.06811213,-0.19781179,-0.03138897,0.26667934,4.38292648,-0.98795044,1.76327647,1.61026869,4.1177304,3.1813453,0.69427584,-0.67132984,0.98925986,1.26500435,0.10608111,1.12846081,4.92132517,1.40272423,-0.12063294,0.30533115,2.56991147,0.26679587,1.09930907,0.29984945,-0.37909869,1.42717639,0.19562297,0.43581979,-1.90158074,1.28898238,-0.14877338,0.62042846,1.29606156,1.46857105,1.48627654,-0.23831529,-4.88257696,1.86615966,1.01211816,-0.61147683,7.07880721,0.55816739,0.16828935,-0.13738688,1.91858277,-3.34189135,2.93535596,0.72825702,-1.41168972,0.89578671,-0.45965439,-2.9605987,-0.26517694,-3.69044732,0.5323339,1.82998136,0.52932591,-0.55141708,0.6394365,0.0045746,-1.00879206,0.43570792,-0.56460467,0.1942041,1.18586186,-0.115447,0.9596872,-5.10210403,-4.34167918,0.55790884,3.85316843,-0.72666089,2.80552381,0.82476022,-2.02262281,-0.50327029,0.14361552,-0.9279271,0.70491022,0.21968814,-1.14636398,-0.43173702,0.33208378,-0.49603678,-2.57296297,-1.92149789,-2.8063152,2.70915692,0.25850091,0.98933237,0.73784047,2.49997941,1.37747357,1.5972885,1.47705484,1.60315838,0.34258191,0.99327143,1.42592997,0.78904317,1.39800608,-0.63040691,0.03692038,0.10020931,-0.0634566,1.59587304,-1.30192685,-0.0743597,0.40479654,1.14555235,-1.45585161,0.51361449,-0.73561814,0.30513749,1.18170339,0.1826517,-0.59166692,-0.24959109,0.2405539,2.14499422,1.65811491,-2.10846209,0.12305788,2.13455982,1.0969436
0.0879006,1.74801427,0.17617593,-0.30505417,1.94894876,0.45403392,0.97555569,1.01806046,0.89276988,0.23569186,-0.71876002,2.67938217,-1.4050519,0.81281455,1.83332242,0.1922044,1.11100837,0.87423743,0.22908121,1.3628154,-1.09199582,-1.99330366,1.39640417,2.49028654,-0.7322744,0.41658571,0.02550423,0.48151602,2.86866069,-0.28700098,0.42614425,-0.28984505,1.32192777,0.62044081,-0.39127092,-0.61910952,0.07999385,3.22173963,0.44330964,1.23756856,2.13904486,1.40466904,0.33444664,1.33403594,-0.40577225,1.54853783,1.27898395,1.18234471,0.68956533,0.09233394,1.06103714,2.32517775,1.1301876,0.47389999,-0.50765401,0.07076661,0.19861247,0.11682318,1.6592785,0.47279905,2.31726186,1.45248852,1.01500459,1.5288033,0.1568792,0.25971793,0.73841319,0.52565099,1.47921493,-0.41904013,0.60047664,0.28042503,0.80010921,0.99033527,0.08037235,1.31064726,0.89901727,0.94282132,-0.12837051,0.59585932,0.15025115,0.23363877,0.85757858,0.24801338,1.90199878,0.62996098,0.18126403,-0.63998858,0.35975954,0.32512698,0.77804447,0.89236362,0.05778328,-1.20556157,1.10484087,0.91709535,1.461835,1.39808829,0.93169818,0.97272066,0.40334193,1.09261506,1.87730608,-0.94336053,-0.07792218,0.56681346,1.22508246,-0.18739811,-0.10120655,0.07089072,1.0622304,0.69022743,0.51999606,0.2046121,1.3322239,1.31625805,0.7438522,1.1309844,1.1572985,0.45757086,-0.27938787,1.79720942,0.85542836,0.76348437,0.77454132,0.6505229,1.09426464,0.82710988,1.26495849,0.68122135,-1.10627648,0.04757573,-0.18805644,-0.17365859,0.10743496,4.53657466,-1.11391861,1.80296497,1.44110946,4.36252923,3.29414505,0.64450511,-0.77047398,0.99605228,1.10000508,0.13837357,0.99547581,5.02916994,1.0743403,-0.30383074,0.06738183,2.59967769,0.13155309,0.98635768,0.17786818,-0.35409576,1.40233777,0.15507698,1.12021256,-1.75152285,1.1520911,-0.06132557,0.57430795,1.1431355,1.49099701,1.52694901,-0.40713453,-4.58037845,2.20307749,0.45841496,-0.69327195,7.13998954,0.54772291,0.2991335,-0.25977335,2.1159328,-3.44310503,2.97709152,0.89494941,-1.48400245,0.48725582,-0.40678226,-2.95452267,-0.10143922,-3.50772723,0.45226297,2.01491053,0.47354566,-0.69369626,0.57767405,-0.03635834,-0.9691253,0.39591245,-0.66771449,0.12049802,1.35098273,-0.15187522,1.16377901,-5.01727431,-4.37704654,1.04895024,3.76162286,-0.82285482,2.86446234,0.77932155,-2.181986,-0.53058951,0.14699751,-1.24316778,0.376465,0.26955604,-1.0334849,-0.43077796,0.33909916,-0.88820044,-2.51247753,-1.98912322,-2.81017623,2.60806448,0.24752825,0.84530258,0.74728702,2.5843078,1.40407787,1.17594995,1.38922809,1.52358378,0.31630335,1.02509541,1.21883843,0.76008844,1.43859827,-0.52442485,-0.03032642,0.09571815,-0.15218708,1.72961382,-1.27144435,-0.10683319,0.54765675,1.31851835,-1.39725505,0.46957599,-0.96692566,0.35389263,1.16005947,0.22945163,-0.67064547,-0.09298885,0.31577211,2.3512221,1.61280404,-2.23708977,0.31310016,1.88953329,0.95560436
0.0129493,2.00229275,0.42949746,-0.3877339,1.94968169,0.44648402,1.03164981,1.02805286,1.04685728,0.25744109,-0.56766911,2.68901954,-1.44506298,0.49869737,1.96647707,0.193206,1.26034977,0.84939432,0.59409705,1.39875819,-0.98466224,-1.94127783,1.40786706,2.44483233,-0.75351471,0.364867,0.16769258,0.4555464,2.74300489,-0.07970532,0.35869576,-0.09779405,1.20102986,0.81147227,-0.44653948,-0.60160833,0.04962881,3.03454075,0.42669247,1.22299691,2.12301534,1.52309141,0.22825989,1.27216186,-0.56298523,1.93804554,1.42008742,1.259601,0.76861521,0.1947368,1.00235932,2.06523281,1.07524302,0.53377991,-0.58652604,0.11656353,0.31408225,0.2694129,1.43684089,0.48158282,2.294358,1.361506,0.97424365,1.5219212,0.16080994,0.07462372,0.81027107,0.59466632,1.41945891,-0.389206,0.48574448,0.34574165,0.70119647,0.79927573,0.09282126,1.4680029,1.01285204,1.05720113,-0.23804652,0.79071936,0.12344288,0.2712013,0.82497489,0.19219123,2.17555963,0.76239633,0.19268227,-0.72795956,0.1465636,0.38601737,0.77970145,1.04255532,-0.10786423,-1.35586298,0.97558874,0.76367819,1.50623753,1.34103702,0.72372941,0.88327522,0.40189425,1.15340411,1.86984031,-1.09253595,-0.19063017,0.64029824,1.02049416,-0.0611063,-0.09556444,0.06618063,1.01565001,0.54926478,0.46306176,0.28352618,1.37242053,1.46611386,0.8762759,1.19165273,1.39152412,0.68478179,-0.34693046,1.92487601,0.95987018,0.76517616,0.77661383,0.58282501,1.10771995,0.67022854,1.11085855,0.86216344,-1.13555034,-0.16107334,-0.14597046,-0.0985917,1.0183136,4.67040442,-1.15315446,1.80658922,1.59596036,4.23114151,3.55895884,1.07368191,-0.72087972,0.95859816,1.34436531,0.14854659,1.09750354,5.04222466,1.27675223,-0.18920853,0.08789037,2.56882798,0.16238425,1.08145876,0.39886241,-0.20057493,1.54255448,0.06584152,0.94873452,-1.83508188,1.1422728,0.12168366,1.09336998,1.12119471,1.45340041,1.42484765,-0.31710618,-4.53705439,2.1671836,1.01068391,-0.82067616,6.84314218,0.59236534,0.06935488,-0.40505445,2.12958031,-3.11327802,3.02452499,0.84166001,-1.32891872,0.91563217,-0.38417653,-2.81217795,-0.14589276,-3.69981409,0.51371047,1.9696493,0.52717986,-0.84296398,0.61113024,0.06215806,-0.90536354,0.40673136,-0.75245978,0.02516306,1.44686419,-0.14259874,1.24797232,-4.99213026,-4.43123205,0.77537824,3.8489788,-0.69636522,3.18730003,0.6624023,-2.01725313,-0.53107811,-0.02999554,-1.13226495,-0.12934185,0.26403104,-1.12498445,-0.57763193,0.28557965,-1.1898955,-2.40422383,-2.11971092,-2.8161663,2.59994516,0.2816848,0.62069074,0.80201359,2.26949894,1.36600395,0.74627701,1.39260929,1.47460541,0.44427347,1.01613002,1.31757179,0.93036286,1.59847656,-0.41904723,0.0553624,0.46376153,0.03695325,1.71851848,-1.32028608,-0.18212342,0.34029224,1.10123483,-1.37521566,0.29071712,-0.74673575,0.57208546,1.12622166,0.19259191,-0.54491616,0.08827308,0.31685128,1.96514689,1.66561069,-2.3707323,0.69995553,2.13694608,1.0932659
-0.11458385,1.89196428,0.29077215,-0.33368128,1.87910565,0.34638424,0.92962755,1.10524495,1.0203359,0.16155105,-0.65304149,2.67947613,-1.50766158,0.48618009,1.83408852,0.14108371,1.23742545,0.84526644,0.1340456,1.37272866,-1.00604226,-1.88649243,1.45751416,2.53014672,-0.73208757,0.5616286,-0.00004989,0.33015379,2.72465226,-0.19464584,0.40830652,-0.24884413,1.11777442,0.82395333,-0.43300115,-0.67672353,0.04070799,3.20835356,0.48396628,1.27352546,2.13497991,1.34390776,0.28624945,1.3330111,-0.4452535,1.70694455,1.3206428,1.29601352,0.75287083,0.22079289,1.06370199,2.26957779,1.09672255,0.33779416,-0.59200587,0.09236985,0.14077367,0.09364104,1.45677489,0.38506385,2.54003959,1.56513381,1.09606001,1.40965699,0.11715754,0.00100224,0.82274235,0.4312104,1.44592153,-0.3002826,0.24556486,0.26762994,0.74131616,0.64010895,-0.00465446,1.43281825,0.92883403,1.02443617,-0.38164487,0.77548383,0.16275435,0.18242206,0.78093133,0.15049774,1.81181294,0.6696864,0.17489201,-0.57538936,0.26285136,0.33561493,0.81738678,0.96789397,-0.13626744,-1.49180366,0.73567972,0.85689972,1.50113507,1.24569796,0.80083853,0.88996081,0.516373,1.18304154,1.89130333,-1.15390389,-0.13134146,0.41232372,1.15949913,0.04767867,-0.16286867,-0.05957606,1.00406252,0.67704593,0.51807632,0.1809253,1.16745269,1.17104626,0.63611624,1.02357608,1.43498437,0.57376495,-0.3398028,1.83217958,0.90348214,0.64250525,0.77800252,0.53622303,1.15450139,0.63329609,1.1912419,0.88650942,-1.14010488,0.0476575,-0.2549527,-0.3146915,0.22221693,4.24480407,-0.9704808,1.4566391,1.63999865,4.36507771,3.70337293,0.71291314,-0.66940359,0.97860919,1.32639512,0.07812132,1.02865507,4.93509861,1.32466477,-0.23787902,0.16697192,2.54603879,0.1051317,1.04677078,0.21859334,-0.38535283,0.96262442,-0.17611238,1.01836217,-1.8193925,1.28739448,0.04702303,0.65162553,1.177758,1.3859274,1.15053779,-0.2215467,-4.97462219,2.07958937,0.445227,-0.89324877,6.65387927,0.61828825,0.46277157,-0.3052825,1.70062686,-3.3427545,2.73838879,0.77829647,-1.41571021,0.77616261,-0.47815404,-2.91740805,-0.06765529,-3.60105098,0.52474459,1.65570237,0.24749832,-0.80418195,0.73174545,-0.04908174,-0.90994892,0.61127137,-0.70578465,0.01644596,1.32021722,-0.20779548,1.27056493,-5.42070417,-4.40293182,0.24316558,3.73404291,-0.71701059,2.65551593,0.71837388,-1.92608032,-0.86559262,0.19072189,-0.71143558,0.29888498,0.26784209,-1.13098497,-0.50100584,0.28263488,-1.03159392,-2.73597049,-2.05069553,-2.81276936,2.59906668,0.25181075,0.75609398,0.83696552,2.15802555,1.34693399,1.09411306,1.37002024,1.49380623,0.46074022,0.83517265,1.1310314,0.88755389,1.28550275,-0.55005538,0.0254419,0.04932969,-0.05532058,1.59407645,-1.40824147,-0.17769319,0.40835802,0.92717255,-1.39289681,0.38539163,-0.85881708,0.29098963,1.16677616,0.1482347,-0.63736748,-0.02255265,0.2716545,1.93321966,1.61016854,-2.2969016,0.29121683,1.91304791,1.09221949
-0.01834272,1.89822181,0.39964446,-0.27928786,1.91502588,0.06544385,1.06088936,1.11732702,0.96520385,0.26408888,-0.56435949,2.74812345,-1.49486107,0.49433522,1.94112596,0.16917681,1.11441606,0.92621014,0.14691997,1.42024331,-0.96031514,-1.66161079,1.47693531,2.47985729,-0.75675814,0.52203106,0.11223641,0.33623255,2.71733315,-0.16595415,0.42738776,-0.20381614,1.23619557,0.71494553,-0.44758474,-0.63862497,0.00094095,3.14476221,0.39494747,1.10954394,2.07762005,1.36315067,0.23256686,1.32434772,-0.47878313,1.51731986,1.17037026,1.2156754,0.62943758,0.23818785,0.9677497,2.3638145,1.06694997,0.49022461,-0.62172771,0.14139381,0.35879518,0.17171042,1.33222689,0.49908324,2.28599421,1.49705318,1.13052693,1.29913612,0.11325048,0.06755605,0.81885411,0.52199161,1.48288417,-0.30315791,0.30620496,0.44272201,0.92671297,0.8630675,0.12435332,1.49162657,0.94830279,1.03521186,-0.15191112,0.72636274,0.27691515,0.20192277,0.77628018,0.23719742,1.78293695,0.73421411,0.14179395,-0.45939707,0.22353951,0.26177686,0.71650919,0.98630417,-0.12043946,-1.56251599,1.14678101,0.89377901,1.34371788,1.17206671,0.75045904,0.90585651,0.45333718,1.14844144,1.95933669,-1.03715337,-0.25412546,0.72877923,1.09614652,-0.02707904,-0.10568253,0.02716518,1.07627978,0.71681295,0.59947005,0.1882992,1.2741117,1.38653099,0.77677254,1.02270919,1.46443014,0.50094423,-0.35476919,1.78212572,0.9498589,0.86199089,0.67895915,0.61120973,1.28225604,0.55015155,1.19479964,0.55953589,-1.17499969,0.02937454,-0.10488159,-0.12749324,0.73341914,4.34217778,-1.12770505,1.7557451,1.37352797,4.24513226,3.18747615,1.09608541,-0.74219114,0.97921043,1.27297758,0.09627008,1.08555047,5.10698047,1.15962213,-0.1933523,0.23293339,2.32374659,0.19600058,1.08183815,0.31832475,-0.45162049,1.57243824,-0.07024711,1.05620383,-1.88756149,1.20866253,-0.09860997,0.55900747,1.1981343,1.53122791,1.24833301,-0.21400159,-4.87354614,1.84926281,0.48098545,-0.89735997,6.86482392,0.47229039,-0.15422368,-0.36469487,2.07405619,-3.37773689,2.72006304,0.96563844,-1.45454268,0.93058293,-0.35737227,-2.84651295,-0.04646662,-3.60428332,0.56069872,2.14160737,0.38743514,-0.6100166,0.59059926,-0.07268365,-0.97426834,0.59166829,-0.85492856,-0.12051073,0.82380383,-0.18126309,1.16429179,-5.08467053,-4.39143356,0.7144422,3.76209376,-0.80416896,2.8269374,0.64697564,-1.98046241,-0.47474858,0.23439633,-0.7458265,0.07534989,0.17379408,-1.12953141,-0.50825192,0.23696809,-1.05012941,-2.48587448,-2.04284047,-2.82996367,2.80228559,0.23514438,0.67513122,0.77211366,2.42430523,1.31668646,0.9583608,1.23013648,1.71378207,0.43830477,0.80915787,1.19500538,1.05444895,1.03422025,-0.49142464,0.07900741,0.06255379,-0.07196706,1.73571267,-1.44223424,-0.18466093,0.53145757,1.10378864,-1.40440222,0.35352349,-0.73504745,0.30436671,1.11007261,0.18392168,-0.47909014,-0.236678,0.23978227,2.12745428,1.65502867,-2.30015454,0.81700831,2.13732847,0.99268788
0.14404536,1.8157969,0.37978303,-0.30675957,1.8867789,0.36723819,1.04157166,1.21255341,1.01173159,0.30770987,-0.63410546,2.77750536,-1.4758559,0.50618104,1.83446313,0.17483127,1.17410801,0.86729496,0.30971896,1.29483238,-1.07722631,-1.8308653,1.48772553,2.46050585,-0.73600681,0.38346159,0.02517216,0.58080443,2.7476123,-0.34132873,0.31748575,-0.18377215,1.21817826,0.77652256,-0.44908319,-0.74522782,0.03919532,3.13001995,0.35815116,1.23154158,2.17760229,1.2353632,0.26949726,1.27573884,-0.44362974,1.61623926,1.31202138,1.3505932,0.65521827,0.19230302,0.99084833,2.10596988,1.08087763,0.57469739,-0.6079111,0.14699852,0.26099765,-0.08053015,1.2866862,0.42658138,2.54325352,1.66310249,1.02897545,1.32375422,0.1161624,0.1424544,0.72291166,0.78972229,1.41486588,-0.29631285,0.32738119,0.3294952,0.68733011,0.74004766,0.03203226,1.35955972,0.8354696,1.25976437,-0.18812205,0.71241127,0.15587606,0.18664416,0.75780155,0.17487545,1.94343505,0.75245699,0.1509605,-0.46864239,0.33106663,0.33045903,0.77998262,1.12010709,-0.2603624,-1.41937582,1.15515839,0.88702099,1.41481436,1.17441817,0.84509809,0.89479882,0.48265579,1.01004041,1.80506455,-1.0273622,-0.18786913,0.34461817,1.17141616,0.01115696,-0.11687742,0.15919032,1.07414266,0.57291045,0.60542283,0.21191803,1.30551762,1.27102651,0.68380983,1.09366436,1.19434165,0.65477156,-0.23706044,1.88443193,0.79507049,0.889502,0.85522994,0.59774797,1.07952117,0.64742673,0.99397428,0.63701142,-1.18635383,-0.04779513,-0.11191992,0.14007742,-0.1997573,4.53511778,-1.41250726,1.63654147,1.40915305,4.23967557,3.39989768,0.41357008,-0.60041057,0.95638402,1.16642816,0.11385202,1.00733425,4.43833034,1.09110468,-0.26127134,0.13634417,2.44827239,0.23879237,1.09435813,0.24998459,-0.27827643,1.23397274,0.02644879,0.7355274,-1.86104312,0.96452628,0.09249324,0.45974096,1.15106024,1.46996988,1.34291667,-0.31205134,-4.49201448,2.01674551,0.37918906,-0.76786322,6.82622414,0.74061031,0.26340067,-0.26161306,2.0084085,-3.12706819,2.64825598,0.76694798,-1.35566837,0.82475823,-0.37048962,-2.87452333,-0.21488987,-3.63646217,0.54318997,1.96064276,0.34439321,-0.78323291,0.53979697,0.0133418,-0.90622779,0.94103969,-0.58385725,-0.02299212,1.21998534,-0.15294694,0.85797171,-5.39470148,-4.39951613,0.79074993,3.79841864,-0.83420603,2.99915323,0.75488809,-2.15877686,-0.63276975,0.03199918,-0.81868929,0.2444494,0.01352276,-1.21709583,-0.44144714,0.18871555,-0.87311442,-2.54661281,-1.98462285,-2.82542162,2.75477897,0.22206081,0.73691934,0.94029534,2.4388848,1.38862463,0.31931623,1.33599058,1.44845088,0.51884383,0.91314952,1.37520119,1.19908552,1.3014231,-0.43854223,-0.02384316,0.14955902,-0.06326948,1.5793722,-1.32980325,-0.13488039,0.41191976,1.06930323,-1.41853753,0.13222917,-0.69021973,0.38518124,1.11496755,0.17595856,-0.62606419,-0.30733816,0.27157955,2.03410269,1.6116127,-2.2646565,0.34656793,2.15356053,1.23919998
0.07139402,1.73663531,0.25927675,-0.33559448,2.0393838,0.32718558,1.07282149,1.06265396,0.98633338,0.15249402,-0.66136281,2.68530327,-1.61418294,0.53425596,1.91594353,0.15743163,1.3580162,0.90189613,-0.00258595,1.36944618,-0.93146558,-2.08025437,1.39441333,2.41274387,-0.68651566,0.52727502,-0.05978331,0.47803152,2.82766655,-0.15688966,0.42795167,-0.31901181,1.26926156,0.873802,-0.47886914,-0.71884296,0.08331333,3.0504476,0.30301725,1.26708357,2.20493983,1.38666483,0.32831199,1.3086078,-0.30213025,1.58898688,1.26874807,1.31298417,0.6357386,0.25968789,0.93155769,2.43120937,1.12524786,0.54236102,-0.55892486,0.13170528,0.48676369,0.05365614,1.56743113,0.42644353,2.44597534,1.37569587,0.93975237,1.3642136,0.10966665,-0.03817662,0.8245208,0.56548356,1.39911722,-0.4657559,0.21060423,0.36413516,0.65102942,0.77498691,0.05210556,1.49677368,0.87939232,1.13603241,-0.19331837,0.73115196,0.0638775,0.18116767,0.67803457,0.14835612,1.9307601,0.64524363,0.2199065,-0.53644694,0.4116233,0.17307132,0.82870262,1.05531056,-0.23024143,-1.38696238,1.15355329,1.0168055,1.45239121,1.22060605,1.02508105,1.05868874,0.39702293,1.02561425,1.81713972,-1.08350655,-0.04875772,0.58573523,1.15512009,0.10863226,-0.13101615,0.00559214,1.1746811,0.57304111,0.70782572,0.24681796,1.37371891,1.45322167,0.7604202,1.16215534,1.28868912,0.41869905,-0.30760816,1.82911475,0.88925435,0.8452215,0.78619789,0.56827189,1.1724753,0.6835471,1.15632857,0.55483521,-1.1532736,0.11098127,-0.12896035,-0.16444758,0.25314197,4.52850442,-1.04852671,1.73992082,1.4710529,4.13983447,3.36069221,0.38608634,-0.85781847,0.98482225,1.09453435,0.08087423,1.06157119,5.05099048,1.27142829,-0.13597179,0.16453593,2.78759753,0.23658104,1.03067898,0.19446753,-0.38924565,1.25923436,0.06293019,0.65452872,-1.87125643,1.09957496,0.0693087,0.38861509,1.2403652,1.48803227,1.4315616,-0.25979536,-4.63674587,2.30701625,0.46444301,-0.6399074,6.83679698,0.68832002,0.23950087,-0.22105042,2.09601778,-2.97843835,2.62538113,0.61085192,-1.33815524,0.90924699,-0.4043335,-2.83643627,-0.22846558,-3.73830859,0.43225364,2.00815652,0.35495121,-0.67415644,0.64396512,0.05389172,-0.94246935,0.46591637,-0.33287556,0.07627792,1.21513304,-0.15814034,1.00711166,-5.57467676,-4.33290312,1.15066277,3.67208476,-0.87004356,3.1115679,0.83152389,-1.97893765,-0.54657811,0.07882296,-1.22099688,0.42159721,0.16514446,-1.03066998,-0.41703557,0.10000754,-0.56850627,-2.49436851,-1.95043961,-2.80958562,2.75450577,0.23172111,0.89780735,0.95864353,2.28453645,1.35697518,1.49032822,1.42514794,1.50472677,0.27442921,0.99100389,1.29226694,0.7517919,1.3173399,-0.60758912,0.01795434,0.13793569,-0.04887686,1.77162974,-1.405529,-0.21779349,0.51694577,1.11261936,-1.40184318,0.60127734,-0.78045529,0.52585273,1.18009125,0.29160962,-0.68522004,-0.21877201,0.30358345,2.28828481,1.57791837,-2.24983885,0.44795123,2.13888622,0.99620629
-0.04267605,1.84754387,0.46822455,-0.25476623,1.86746054,0.38727591,1.1322815,1.02579272,1.02351688,0.13705423,-0.66138627,2.76741102,-1.53202807,0.48708776,1.92682703,0.17248072,1.1758766,0.91287804,0.48527862,1.43055941,-1.02901872,-1.77023306,1.34975225,2.45262046,-0.74027365,0.29454198,0.00500455,0.65315138,2.82369737,-0.18005415,0.3964416,-0.17013884,1.20931719,0.774414,-0.37243268,-0.67894726,0.05217165,3.09944233,0.30941888,1.27748737,2.11875641,1.50526351,0.31125734,1.23446264,-0.40293946,1.54682148,1.34633311,1.29083,0.73024533,0.20064942,1.12554504,2.42636655,1.13879442,0.55469084,-0.66590704,0.17172474,0.27278209,-0.04896597,1.38521244,0.50566752,2.56706131,1.45913841,0.9149334,1.34651655,0.16160331,0.22182451,0.78000315,0.60247383,1.51128555,-0.34033041,0.3916571,0.31360319,0.73668585,0.66523144,0.09854307,1.46296728,0.98239586,1.15936922,-0.15444091,0.8090736,0.22176629,0.2053979,0.85503085,0.14033992,1.7234152,0.66008772,0.11609815,-0.61817058,0.26221495,0.1289467,0.85479666,0.94682181,-0.04845607,-1.32767809,1.17279713,0.89774818,1.43856049,1.11665226,0.80030873,0.89191018,0.44019711,0.93018191,1.7363569,-1.03483627,-0.16496832,0.67036568,1.07810001,-0.13732447,-0.13253026,0.02980282,1.11792509,0.67522747,0.5366679,0.24222459,1.28693591,1.35044858,0.74131951,1.20257639,1.4121036,0.37532224,-0.27436711,2.01611194,0.97301309,0.78074686,0.71895904,0.55362851,1.12474265,0.5485205,1.17935965,0.44211599,-1.14699307,-0.17131285,-0.41409365,-0.00992331,0.41592043,4.6032712,-1.01426109,1.83730536,1.36817474,4.18744239,3.26467794,0.93514417,-0.82322178,0.9511224,1.3060083,0.06155711,0.98519688,4.83177128,1.31437354,-0.23857909,0.1267859,2.55341768,0.34240655,0.97157962,0.2968532,-0.27182593,1.2432854,0.23166806,0.92268277,-1.80348019,1.38604027,-0.12777819,0.60463945,1.0622433,1.50294828,1.34616298,-0.24749798,-4.93668582,2.11537854,0.76948283,-0.80241114,6.49876336,0.67656518,0.12300063,-0.34844237,2.2233818,-3.12057939,2.73068271,0.7993938,-1.4446248,0.62942893,-0.41552447,-3.0007713,0.05213183,-3.74431142,0.5797801,2.07685006,0.39311903,-0.60459592,0.65690609,-0.06065393,-0.95586984,0.51336062,-0.69324493,-0.03854033,0.99033227,-0.19562698,1.05050514,-4.96890093,-4.40045844,0.50669456,3.80407723,-0.83329021,2.58925671,0.69035328,-2.01409146,-0.48160668,-0.00717156,-0.95333021,0.4457591,0.01921567,-1.03132515,-0.44188713,0.16424127,-0.83565578,-2.40607297,-2.01058984,-2.82073644,2.65542368,0.18561484,0.80466127,0.8034665,2.37507559,1.35189166,0.82533962,1.30920432,1.55154158,0.33786887,0.89436579,1.09989535,1.1971171,1.26816771,-0.35028858,0.12527704,-0.16595131,-0.10870241,1.61250711,-1.45445278,-0.2882274,0.5510533,1.16854727,-1.43033433,0.35776295,-0.71074329,0.32800951,1.15638067,0.22954249,-0.60358412,-0.17541327,0.2265087,2.15821349,1.62654871,-2.15294854,0.50907,2.01803811,1.09380866
0.07692823,1.78036809,0.28063905,-0.30079528,1.81230968,0.48670343,1.00008509,1.01852382,0.93679793,0.31998134,-0.62876821,2.76467922,-1.46764962,0.52248372,1.96986808,0.17303948,1.36847165,0.87423834,0.18813132,1.47498483,-0.98952013,-1.64150314,1.43180443,2.52263187,-0.74504448,0.35800713,0.02578578,0.44878174,2.87544905,-0.24430016,0.41007177,-0.20494094,1.23615734,0.80344987,-0.58686735,-0.7415394,0.07767926,3.15356803,0.52483861,1.22789146,2.09935206,1.23797356,0.41599956,1.31311175,-0.43977509,1.69667868,1.27586925,1.2744375,0.64624427,0.27627001,1.10377243,2.44095814,1.12665341,0.5417441,-0.58754679,0.19728294,0.44766756,-0.14192029,1.52289301,0.32559964,2.50562885,1.54798154,1.03290726,1.44511969,0.14289839,0.14766313,0.72286656,0.5988087,1.48700517,-0.27055647,0.33230762,0.35578296,0.74290342,0.54987227,0.0895963,1.48402584,1.04459082,1.25396609,-0.20077065,0.77287466,0.20041051,0.21934588,0.78166094,0.13432152,1.85661315,0.62063553,0.2400908,-0.59914421,0.30594273,0.21816888,0.80588966,1.0157874,-0.10252621,-1.51246072,1.00836072,0.91841344,1.36651801,1.09315075,0.81719124,1.0317798,0.37664138,1.15643782,1.999661,-1.04966195,-0.07819975,0.64326709,1.20270254,-0.09241514,-0.18179695,-0.06269415,1.09232799,0.48656408,0.71006811,0.20775841,1.40833314,1.29565459,0.67249079,1.23940352,1.40209648,0.64206258,-0.31843695,1.97625343,0.80381296,0.6095286,0.72893063,0.57261461,1.15642605,0.74063423,1.05993447,0.85765974,-1.25107563,0.05186298,-0.23939805,-0.08638409,0.32817823,4.33087005,-1.00890409,1.69190128,1.43496757,4.20975539,3.95783406,1.01742147,-0.74979292,0.97761759,1.24980875,0.04692957,0.97832818,5.14496993,1.13928967,-0.26003543,0.14472574,2.60314937,0.33495637,1.00657103,0.26655772,-0.42833651,1.36773332,0.20525947,0.94306237,-1.77740473,0.94234771,-0.04281585,0.68665022,1.21007458,1.48867473,0.97162112,-0.33413126,-4.52193636,2.07798721,0.93863439,-0.89171391,6.98478167,0.63566684,0.30587686,-0.3157298,2.29361837,-3.48556822,3.06443865,0.60397136,-1.54799446,0.72621216,-0.38449519,-2.95656849,-0.18270146,-3.64430467,0.58275158,2.14417143,0.41134486,-0.71343777,0.60403342,0.0826304,-0.97537475,0.62580345,-0.55349449,0.05289109,1.33525159,-0.10337334,0.99142361,-5.40127777,-4.41666067,1.10579146,3.82885427,-0.5980951,2.925431,0.72830856,-1.90952895,-0.44001677,0.00189651,-0.70622028,0.1938794,-0.05780451,-1.08197315,-0.54257319,0.11383983,-0.8883106,-2.58144949,-2.01862733,-2.8125739,2.68515794,0.26962146,0.81026704,0.70067189,2.24367152,1.34074699,1.17763625,1.70069875,1.53011678,0.64643439,1.09238115,1.26216613,0.90250991,1.45107959,-0.51644599,0.14615409,-0.0080549,-0.03293663,1.62969481,-1.41054757,-0.06592273,0.51722081,1.10385688,-1.4186273,0.32811135,-0.94157818,0.26635503,1.07639403,0.24987809,-0.60574526,-0.24221008,0.30936475,2.00023603,1.62753448,-2.40609212,0.5515107,1.97882685,1.3234294
0.02614114,1.79652652,0.4386898,-0.31529623,1.89698783,0.44284315,0.98781693,1.2724899,1.08137369,0.17660862,-0.65292768,2.77371389,-1.39935665,0.52946512,1.74746069,0.16137033,1.13264742,0.82769902,0.14841713,1.30639483,-1.06304968,-1.9543297,1.37463915,2.44043719,-0.68810543,0.43450764,0.10890693,0.44560973,3.14246956,-0.15944881,0.44989297,-0.20479308,1.25835109,0.77612102,-0.44516001,-0.67265881,0.03089636,3.17177927,0.45127318,1.20663031,2.16851002,1.4437127,0.2169716,1.26451184,-0.49493405,1.55496,1.44948899,1.29021467,0.62919655,0.09960356,1.04137699,2.36724306,1.0887475,0.43314293,-0.59657936,0.2053176,0.08407241,0.14079625,1.42322506,0.55352764,2.34576757,1.38794916,0.99320538,1.18138761,0.17801771,0.09767941,0.81389872,0.42474854,1.49009742,-0.36686299,0.34681488,0.33443579,0.69758053,0.79644645,0.00940621,1.5293229,0.88617026,0.97030626,-0.09861692,0.71965877,0.09138914,0.20645361,0.66472189,0.22934221,1.95748999,0.63778947,0.24355162,-0.58950969,0.3146575,0.31651466,0.82626035,1.04558516,-0.18247879,-1.51056865,1.24626804,0.92039523,1.43542866,1.09803029,0.77846972,0.99128266,0.37382369,1.17677686,1.85591928,-1.02968991,-0.21775208,0.59419667,1.02109857,-0.14609603,-0.07455975,0.02350917,1.10474152,0.70364052,0.62893793,-0.0093967,1.23156331,1.37053421,0.79349672,1.10446881,1.3645922,0.63012073,-0.37401975,1.8250423,0.87324425,0.69918673,0.67671082,0.56363402,1.0743963,0.72225156,1.13322298,0.53532634,-1.19010442,-0.1387635,-0.21709596,0.01961425,0.65539241,4.75652267,-1.05138223,1.75343176,1.32184964,4.23731886,3.62195489,1.00550905,-0.77622178,0.95889309,1.44643429,0.12121744,1.13205612,4.65408343,1.24142796,-0.22219153,0.22078495,2.75552986,0.16684183,0.98471904,0.36062157,-0.34429178,1.3979896,0.15473782,0.80432862,-1.88297876,1.19700082,0.07657388,0.48182687,1.1453532,1.49718588,1.3967549,-0.27327016,-4.58590674,2.09548714,0.65872657,-0.74589446,6.77770578,0.78993479,0.21061597,-0.37195193,2.16617412,-3.53109466,2.97932367,0.82942336,-1.42155084,0.48465333,-0.31894581,-2.89425662,-0.21998138,-3.66736396,0.51686044,1.86366077,0.43102467,-0.92752022,0.66779048,0.07302949,-0.94877771,0.77844006,-0.84994447,-0.01614866,1.49878134,-0.1056177,1.02263544,-5.16208128,-4.4021587,0.43951682,3.75784978,-0.81250259,3.19893821,0.69639632,-1.98912112,-0.49089413,0.0464121,-0.70108928,0.23497048,0.16867993,-0.9769937,-0.50899507,0.22666366,-1.04255213,-2.57272517,-2.0530234,-2.82298273,2.72060844,0.26387338,0.75257284,0.63452121,2.29897469,1.40820082,1.21395182,1.52624972,1.50302935,0.51527882,0.89046984,1.27967326,0.82896736,1.4082766,-0.57997729,0.0102724,0.1746837,-0.13242542,1.73711399,-1.37471619,-0.21935329,0.46534997,1.04973526,-1.46075436,0.19987007,-0.74563182,0.28165582,1.12705548,0.19187714,-0.56571055,-0.06525118,0.32454316,2.1202773,1.61749466,-2.26673968,0.91814554,2.06041572,1.11428733
0.00120457,1.75427483,0.24461301,-0.28725883,1.86220078,0.40344652,1.04689706,1.04070329,1.0208127,0.2183829,-0.61415865,2.84685809,-1.53472732,0.48394135,1.79060234,0.15743633,1.35354092,0.76689967,0.61016624,1.36946465,-0.97947006,-1.69398322,1.46333561,2.52168596,-0.75977662,0.38460514,-0.01735555,0.65102792,2.85186866,-0.11217927,0.32582912,-0.16789055,1.15289039,0.76604601,-0.61231242,-0.68214714,0.07778496,3.08986174,0.38615717,1.14388188,2.15378146,1.31293703,0.24032574,1.25855003,-0.38943372,1.40632873,1.30067327,1.32982884,0.68965226,0.13415214,0.99453161,2.36516605,1.08061959,0.46726175,-0.57255334,0.12740391,0.33272929,0.13836454,1.39496516,0.40833641,2.39405833,1.4120797,0.96579373,1.39287289,0.15735734,0.29481353,0.8305128,0.55494043,1.59046532,-0.2918677,0.29708267,0.36717354,0.74740051,0.70809139,0.0892016,1.32499498,1.18197498,1.15886223,-0.05989514,0.80690494,0.23270241,0.19012331,0.83782007,0.17260085,1.86354268,0.68291625,0.21140769,-0.56715661,0.35172458,0.27193684,0.77865507,0.93866763,-0.18735822,-1.37761735,1.01978062,0.90097797,1.45331966,1.31753769,0.8651163,0.83539722,0.40890294,1.13565368,1.79406358,-0.96320046,-0.16364795,0.51702542,1.1901782,-0.03597743,-0.13118306,0.10283294,1.05964657,0.6324443,0.67469044,0.21977915,1.35390264,1.37299398,0.80622335,1.10358211,1.2484774,0.27098483,-0.44137267,1.90925652,0.90670579,0.83455116,0.78536698,0.6260034,1.20062531,0.62018045,0.94106824,0.59359678,-1.0669589,-0.11605601,-0.13700595,-0.07945975,0.20354549,4.54098374,-1.1458207,1.96228499,1.73572975,4.35929235,3.47400189,0.97437182,-0.81028551,0.96216631,1.19589962,0.02299595,1.09102347,4.85065173,1.21989613,-0.1822815,0.038877,2.63971969,0.222245,1.06516216,0.32871898,-0.51698604,1.34645814,-0.04798615,0.63542675,-1.86258661,1.26480076,-0.04537667,0.52420147,1.07228088,1.55550224,1.19677647,-0.26818688,-4.7026753,2.22308021,0.78376992,-0.88666317,7.01397657,0.81473075,0.24002941,-0.30133563,2.10579891,-3.20187583,2.57929201,0.74252614,-1.43694051,0.63572138,-0.38697529,-2.83102436,-0.13824349,-3.6283554,0.59547479,2.21911875,0.38255526,-0.69739743,0.64429635,-0.13605167,-0.92241804,0.37045431,-0.79541371,-0.02145184,1.5732248,-0.13693572,1.0415224,-4.99655894,-4.39209336,0.62197385,3.78171525,-0.76683068,2.60208379,0.74795893,-1.96833262,-0.58562538,0.20322535,-1.05671467,0.22628692,0.30554279,-1.13114261,-0.53667389,0.1991568,-0.86422871,-2.61021276,-2.012384,-2.80682369,2.62117223,0.21447031,0.82390609,0.66792601,2.46594537,1.30848668,1.00562766,1.08266252,1.56087691,0.26123447,0.9885593,1.22600833,0.87512695,1.46342263,-0.54712281,-0.00531284,0.00496667,-0.06699019,1.38854753,-1.44667704,-0.15511538,0.34422472,1.1114162,-1.46081463,0.3134205,-0.81362137,0.5534373,1.16419165,0.17816732,-0.61707133,0.27614503,0.28127721,1.84496959,1.66642001,-2.31383645,0.62572655,1.88393349,1.20609305
0.04599349,1.89614726,0.37734719,-0.25881014,1.96743406,0.39940918,0.94265946,1.26194528,1.00091211,0.28548388,-0.65756616,2.77099236,-1.4585081,0.51553332,2.0027252,0.19961148,1.23491447,0.80391062,0.32322866,1.35666417,-0.98445615,-2.12162072,1.28597028,2.48814931,-0.69361923,0.45198795,0.02682967,0.57135985,3.00707161,-0.35972572,0.32551533,-0.15461631,1.22098026,0.65925685,-0.30482615,-0.65954061,0.02670328,3.35295808,0.35606011,1.21615551,2.13488382,1.34906816,0.24702799,1.37234938,-0.49315632,1.69431038,1.28925987,1.28877115,0.7463582,0.06941501,1.01614685,2.25355064,1.07978799,0.45926411,-0.63269983,0.12706866,0.14917599,0.14690903,1.28120731,0.38755761,2.16625238,1.20677214,0.99837944,1.38137179,0.08021785,-0.0099322,0.73588338,0.59458463,1.43056809,-0.32383341,0.33893447,0.28472152,0.78931864,0.8017406,0.07122488,1.49570609,1.10638859,1.03707409,-0.15828509,0.77264003,0.19047742,0.2247352,0.91567774,0.19359274,2.04944204,0.76620968,0.16556873,-0.57720713,0.25146172,0.06685836,0.7556412,1.07973117,-0.10957194,-1.42953682,1.22538449,0.83583081,1.48431549,1.15582467,0.69968295,0.83391343,0.40967769,1.13885975,1.85849621,-1.06819493,-0.10612767,0.63554453,1.20402257,0.14141172,-0.06330477,0.03637775,1.08587369,0.66513116,0.44594413,0.29841129,1.36877609,1.26226895,0.68773694,1.22009326,1.38030686,0.44204671,-0.29535267,1.83989212,0.88122264,0.70512688,0.75336265,0.636135,1.17810425,0.66208697,1.11817039,0.5147266,-1.1928092,-0.1617409,-0.31331387,-0.46655063,0.42243078,4.53448794,-1.03166054,1.78586511,1.48332769,4.4323322,3.62978242,0.98548538,-0.81938487,0.96722696,1.22528916,0.05084725,1.08312575,5.16140134,1.2732737,-0.2567936,0.11717501,2.51154928,0.24349027,0.96763894,0.3408601,-0.43212919,1.60410392,0.12889481,1.21493078,-1.8501792,1.23895127,0.14420438,0.43955169,1.11039855,1.58690971,1.52212966,-0.32298566,-4.71445188,2.07501485,0.56093372,-0.76698578,6.68185376,0.69440064,0.14917214,-0.3664676,2.15289694,-3.40620374,2.52741356,0.70752016,-1.32531076,0.97256871,-0.28842832,-2.8780145,-0.11595439,-3.67485019,0.47716693,2.12531234,0.39884717,-0.87393623,0.61526721,0.0659001,-0.91031601,0.50169516,-0.64361909,-0.00019286,1.39684465,-0.13867802,1.44728112,-5.07895779,-4.41973681,1.44971061,3.68298025,-0.77141122,3.00316804,0.62949395,-2.07121381,-0.46922607,0.12213894,-1.02417232,-0.01275394,0.44738291,-1.1608575,-0.43252503,0.24939774,-1.00977377,-2.42703144,-2.06373823,-2.81358083,2.73033637,0.2262754,0.65012564,0.87972021,2.34255211,1.39471812,1.06162623,1.27508538,1.57626324,0.46319201,0.83897195,1.26862306,0.99099051,1.29907004,-0.40309608,-0.03624151,-0.01235691,-0.10627638,1.60215838,-1.3577633,-0.25919065,0.62661612,1.1693779,-1.45705818,0.62149737,-0.8539009,0.46930799,1.23071158,0.20173003,-0.54237673,0.09967285,0.29728886,2.07448619,1.55797579,-2.40029113,0.23012907,2.21163371,1.2635166
0.02206948,1.76771778,0.51083316,-0.34682259,1.81546565,0.36050507,0.9920713,1.19715805,1.03653409,0.14069189,-0.58283513,2.77521313,-1.51241312,0.5334456,1.80246683,0.17353323,1.26864857,0.87901444,0.31698355,1.30568609,-1.00628621,-1.66945137,1.77035654,2.44276796,-0.7392275,0.30500716,0.02726596,0.49868293,2.8948899,-0.11854638,0.35304225,-0.08650635,1.12505627,0.54092592,-0.4624287,-0.67157774,-0.00262917,3.18952898,0.47948098,1.206277,2.10570775,1.33113671,0.39620524,1.30444019,-0.62699557,1.81916667,1.25407096,1.24623988,0.6804164,0.29969106,1.0595773,2.53299197,1.05047584,0.45850234,-0.57042346,0.26665727,0.50443218,0.2255435,1.56555687,0.56665156,2.31664371,1.59840578,1.03107828,1.40777547,0.13402222,0.29546386,0.77205903,0.55595162,1.4971933,-0.30373403,0.3181724,0.31741641,0.64164983,0.64144446,0.05846285,1.46811765,0.87869434,0.96603047,-0.11334164,0.80938539,0.09162224,0.20532442,0.77103069,0.26850174,1.91171122,0.7416526,0.10042949,-0.58607785,0.16911337,0.34636473,0.73903665,1.03178992,-0.09275309,-1.19543507,0.98411504,0.82998308,1.33943575,1.03871164,0.71652115,0.91392288,0.46299504,1.07666698,1.85157823,-1.02239294,-0.23147471,0.63953123,1.02339072,-0.21962953,-0.14853843,0.07895468,1.07159678,0.61082155,0.57686395,0.24976374,1.32447389,1.30987371,0.71547855,1.18017629,1.39103459,0.5342224,-0.32868099,1.85774022,0.84726745,0.78843131,0.8346428,0.57687307,1.24645218,0.6601941,1.27458187,0.6552873,-1.17282475,-0.19981058,-0.15351919,-0.18551771,0.42855828,4.65105953,-1.05947327,1.55257691,1.42612447,4.03584132,3.18893754,0.63698833,-0.86921223,0.96748407,1.24426791,0.08659074,1.02258031,5.11477807,1.12529458,-0.22653853,0.1357151,2.65010321,0.15530202,1.02750387,0.1668975,-0.39761173,1.68005549,-0.27704839,1.3301392,-1.77605296,1.35747649,0.03607082,0.50275676,1.20158563,1.56336764,1.4771076,-0.33878096,-4.59511769,2.04807753,0.63374724,-0.84591945,6.57966522,0.50312733,0.29774367,-0.37308505,2.10568324,-2.94995068,3.06068896,0.90663584,-1.41771325,0.90123371,-0.39389433,-2.91325191,-0.14755633,-3.56199507,0.50352251,1.8773967,0.28251221,-0.72773857,0.57851444,-0.02536853,-0.9630567,0.45748696,-1.0665399,-0.07491966,1.24086633,-0.14375286,1.35023876,-4.93387517,-4.42149003,0.77482375,3.76646023,-0.73270034,3.03810839,0.60310252,-1.86936106,-0.50514648,0.1686101,-1.28681704,0.1290935,0.12654435,-1.15946442,-0.54357493,0.21707452,-1.19210916,-2.45040154,-2.06234944,-2.81014612,2.59677882,0.24363723,0.68553295,0.84403301,2.28607665,1.32141115,0.80705093,1.16608149,1.55283238,0.51191393,1.0142937,1.41310476,0.91388955,1.40037099,-0.45923788,0.04069382,0.1118038,-0.05839283,1.67810535,-1.28781383,-0.28821098,0.32284038,1.23316088,-1.44350278,0.14521039,-0.71193023,0.0142584,1.16276429,0.18886203,-0.57728718,0.05771607,0.30164592,2.0046734,1.73833818,-2.13710802,0.95568685,1.9944281,1.13553013
0.08927571,1.94661715,0.30110631,-0.3608032,1.92977571,0.34603012,1.00049348,1.17566681,1.08675647,0.21811458,-0.64375078,2.67533947,-1.52241735,0.53960128,1.90357988,0.16607801,1.37661815,0.77705268,0.37552354,1.29366479,-1.16966459,-1.7803979,1.42883738,2.43518664,-0.69785909,0.53156031,-0.02026743,0.4652759,2.90090607,-0.34803771,0.37136269,-0.39541123,1.30570081,0.89038922,-0.38092404,-0.69043697,0.09526106,2.9399464,0.53503591,1.17100367,2.1800975,1.65072534,0.3871414,1.35060288,-0.43576144,1.75925724,1.16927256,1.2529146,0.6617434,0.27406134,0.98067279,2.42576133,1.12746551,0.46035203,-0.51442175,0.09367815,0.22552073,0.00997399,1.45902753,0.46536795,2.35776769,1.55925561,0.95964323,1.35219901,0.15455168,0.10464284,0.71866094,0.63247987,1.48306026,-0.30799286,0.22785888,0.34561354,0.6125382,0.74126668,0.11665955,1.47936213,0.9778952,1.14809785,-0.0330865,0.72736201,0.10952116,0.25303131,0.82699565,0.27541955,1.79861195,0.6003987,0.1162059,-0.71943566,0.3341898,0.15849286,0.77757329,0.92845684,-0.27688952,-1.357709,1.25918723,0.90049783,1.23598885,1.13234027,0.86695738,0.88892346,0.49195365,1.21186299,1.8609062,-1.10705687,-0.15355752,0.5234907,1.07646573,-0.15389264,-0.13010753,0.02960984,1.08100905,0.63977807,0.49022811,0.2492875,1.45386397,1.48805183,0.73551629,1.04765438,1.45527641,0.38303742,-0.45921062,1.92156244,0.91980361,0.69299736,0.87692083,0.60495385,1.19880838,0.63669983,1.17614825,0.61861555,-1.190684,-0.04533941,-0.34797806,-0.0335444,0.47481241,4.19077545,-1.14364685,1.74266326,1.40105479,4.45881362,3.68315993,0.93388194,-0.74912241,0.96396822,1.36868404,0.09514819,1.12271162,4.88697958,1.20922768,-0.25302127,0.15282159,2.71417802,0.07680036,1.03109926,0.3423681,-0.50700355,1.42823973,0.22732238,0.55945217,-1.89054901,1.4180716,-0.09256905,0.62501838,1.09370166,1.5056843,1.34233781,-0.2863274,-4.6285581,2.1178496,0.77550794,-0.85094738,6.81572769,0.61615935,0.27958182,-0.27376371,2.09936005,-2.83677725,2.75091715,0.99112042,-1.51618416,1.05978576,-0.49677402,-2.99216576,-0.05739024,-3.59105019,0.53276846,2.12897959,0.37667651,-0.7366734,0.55601725,-0.01402307,-0.88318714,0.34786224,-0.6637109,-0.03128369,1.4222967,-0.16140531,1.06962505,-5.10660576,-4.4067837,-0.1191988,3.74248385,-0.81709539,2.51986639,0.74895261,-2.08719054,-0.55387822,0.18679504,-0.65401239,0.19389012,0.18496861,-1.09204597,-0.46899943,0.24065259,-0.80000234,-2.67151836,-2.00662941,-2.8260947,2.73206311,0.2064915,0.82584885,0.84887492,2.2642529,1.33304531,0.89340682,1.43950143,1.62442023,0.30355129,0.97593868,1.29474424,0.99132239,1.47611956,-0.55028782,-0.03493113,-0.04794416,-0.13268752,1.74060965,-1.2992642,-0.15448802,0.46183674,1.19630795,-1.49366399,0.60366472,-0.73007236,0.15469747,1.1669516,0.22380115,-0.65901774,-0.07985616,0.32933135,2.27817581,1.73487916,-2.22588181,0.14899044,1.95892743,1.14708548
-0.06979035,1.80468305,0.34395191,-0.27776137,1.84388815,0.29581836,1.00072481,1.25436231,0.99176149,0.17210448,-0.60089403,2.73248606,-1.49012793,0.5235441,1.89048156,0.16588157,1.26312079,0.8532899,0.31851009,1.30877183,-1.06431699,-1.67509051,1.49630565,2.51502545,-0.75734402,0.31977203,0.01821293,0.75735549,2.74410373,-0.32645778,0.39843434,-0.1338541,1.25276733,0.81615148,-0.52490936,-0.6950099,0.08303269,3.52014382,0.51728731,1.22143574,2.13304203,1.31567223,0.39352181,1.33386301,-0.41215736,1.64904288,1.22449667,1.32677399,0.69272546,0.29677907,0.93034748,2.4523266,1.05556412,0.44249583,-0.57808483,0.18339562,0.32805619,0.05321655,1.4253989,0.41236724,2.38865796,1.55981891,1.03319886,1.36715943,0.13404071,0.06317342,0.80187669,0.51916527,1.73383026,-0.27859951,0.4895864,0.28871876,0.81876755,0.62128658,0.02259959,1.4357829,0.98362134,1.14685432,-0.06817134,0.8961367,0.09520321,0.17939792,0.87213548,0.12909406,1.93222475,0.60832627,0.19610005,-0.63651985,0.25941705,0.21789769,0.78508965,1.04205414,-0.14945867,-1.35370502,1.08005222,0.88206962,1.49947207,1.21288928,0.81521336,0.91670256,0.36142691,1.17881515,1.97048229,-1.00770935,-0.10829468,0.61615405,1.18231452,-0.10013633,-0.0441465,-0.0567858,1.05808107,0.94359872,0.46427083,0.18890453,1.40248615,1.30028229,0.76596331,1.23950471,1.40345152,0.45658697,-0.32938565,1.90575596,0.85841046,0.81000738,0.75745025,0.54118571,1.29064816,0.64251484,1.242487,0.5402599,-1.21377108,0.21305403,-0.25210619,-0.24883875,0.05481211,4.51951917,-1.02838462,1.70044916,1.43894497,4.58523361,3.42715073,0.56638637,-0.72094605,0.96910924,1.1497796,0.0328752,1.17140527,5.1090644,1.16939717,-0.31023377,0.24626906,2.7573077,0.20828972,0.97218028,0.16849678,-0.48039273,1.34173767,-0.05152115,0.9046698,-1.83982826,1.43682271,-0.07378847,0.64523395,1.12425317,1.55724318,1.3737041,-0.34245174,-4.77319285,2.17990406,0.69086993,-0.88517059,6.63560449,0.60616655,0.07865087,-0.33165262,2.12000518,-3.31651916,2.6219264,0.67947669,-1.45738833,0.85948031,-0.37019035,-2.86769409,-0.0298548,-3.53152868,0.45164705,2.26008121,0.35916238,-0.91283605,0.61653011,0.03047057,-0.94537873,0.3898307,-0.76917536,-0.00293345,1.34252906,-0.1802141,1.33452725,-5.15999414,-4.3992164,0.75822472,3.75681934,-0.7314374,2.78912715,0.67490359,-1.89533045,-0.41243675,-0.0119488,-0.95830524,-0.02121447,0.33276735,-1.00450469,-0.40948468,0.16715905,-0.90940126,-2.49243462,-2.03427954,-2.81490062,2.70908731,0.26197302,0.73408491,0.82038868,2.30132376,1.38173009,0.91478146,1.19156976,1.48702888,0.5364226,0.88372342,1.16367799,1.10332704,1.29986933,-0.34567531,0.02046714,-0.02796863,-0.03003088,1.39522477,-1.42819876,-0.25009674,0.19461848,1.09614826,-1.45252707,0.92418223,-0.78073024,0.31351793,1.17854493,0.22871324,-0.63843597,-0.5472368,0.29711054,2.45337905,1.69812653,-1.84923972,0.36642637,2.02917885,0.85405568
0.04967804,1.8703942,0.09204853,-0.29019515,2.11126681,0.37393193,1.02951902,1.12153104,0.95821057,0.37855515,-0.58345618,2.70998573,-1.44498126,0.499448,1.83804256,0.14604471,1.37761053,0.84902368,0.21554282,1.35583989,-0.98400748,-1.74427852,1.34611579,2.44924786,-0.65583113,0.50090992,0.05497351,0.32608501,3.01676568,-0.07780511,0.37762786,-0.2463793,1.20521807,0.82330157,-0.45991857,-0.69600952,0.06497971,2.79078868,0.36630942,1.27495844,2.05441384,1.41488708,0.34637087,1.23477382,-0.40873894,1.49177707,1.24360363,1.17025825,0.65761442,0.20023507,0.98272129,2.35294213,1.06388635,0.4333522,-0.60220702,0.11961863,0.42438788,0.04851463,1.35994157,0.56732024,2.36507412,1.30697912,1.16732359,1.39721736,0.20275802,0.09380927,0.75163954,0.54906081,1.4714856,-0.28996787,0.54006462,0.31043047,0.81647008,0.84925827,0.19074022,1.42869963,1.00185858,1.10099837,-0.06658238,0.78792169,0.22198062,0.16465401,0.67234694,0.22910917,1.87755129,0.60351201,0.16941344,-0.60661805,0.36206201,0.24347613,0.78398513,1.0703918,-0.22186767,-1.26473144,1.01309456,0.94897212,1.38886101,1.20273571,0.84031075,0.89916286,0.4750629,1.26241982,1.73425233,-0.93421253,-0.09837501,0.40799218,1.13079247,-0.24489141,-0.10738762,0.01310701,1.10444569,0.64308785,0.47698002,0.45490036,1.4046642,1.38945048,0.81653161,1.15046527,1.5586233,0.19909238,-0.20202354,1.80905471,0.85606906,0.73277031,0.79026182,0.58851393,1.1075468,0.59831262,1.11428241,0.56538075,-1.08199509,-0.28747131,-0.32242123,-0.09036403,0.41019067,4.76194597,-0.99555897,1.56607277,1.49920863,4.34028182,3.75333703,1.10885365,-0.78806317,0.94592361,1.39802065,0.06378117,1.11132165,4.89397038,1.35588803,-0.31313387,0.10491064,2.74932663,0.22512766,1.04871776,0.24298758,-0.42303477,1.04698581,-0.01514112,0.84910593,-1.82350326,0.97666336,0.02005126,0.70551699,1.15257116,1.55791515,1.32929159,-0.18207157,-4.58049756,2.11070466,0.90894433,-0.77552417,7.10364722,0.64398021,0.43039331,-0.23634874,1.92733462,-2.97549539,2.95096206,0.69185548,-1.44127536,0.91620654,-0.26097774,-2.96434267,-0.09205138,-3.66796349,0.57717368,1.84761397,0.51938691,-0.5405604,0.60486506,-0.06301973,-0.9137489,0.78284534,-0.77059823,0.20224161,1.5583859,-0.15679165,1.09828013,-5.24573565,-4.36236482,0.88372303,3.82979749,-0.6612868,3.185612,0.76847146,-1.88007875,-0.65928753,0.02246568,-1.09156178,0.37090087,0.43698871,-1.05205946,-0.51317417,0.32421764,-0.76587015,-2.57426837,-1.96509548,-2.78469664,2.9360498,0.23487821,0.85380328,0.77721972,2.38095232,1.34466689,1.03901882,1.26778388,1.59180294,0.41358191,1.09756676,1.20749763,0.83273081,1.5364419,-0.5196138,-0.04796381,-0.02647253,-0.17141351,2.00168232,-1.31227037,0.03282103,0.40384021,1.18522301,-1.38956093,0.36309389,-0.79498713,0.35430883,1.21546477,0.22762509,-0.54017836,-0.35823948,0.25931262,2.26271189,1.72319015,-2.19469171,0.2068034,1.91554662,1.05046089
0.05340835,1.96912677,0.24833251,-0.37776036,1.82296491,0.40629778,0.94988806,1.18176842,0.83914618,0.07668718,-0.63533245,2.68005803,-1.51781926,0.55377575,1.85319465,0.21779346,1.16067787,0.82551498,0.24083532,1.32143047,-1.02448193,-1.74558347,1.47470612,2.45078491,-0.72177576,0.28055836,-0.0118194,0.46111734,2.9011546,-0.34329997,0.36207136,-0.17828191,1.15256202,0.77861028,-0.45126582,-0.65681847,0.00267517,3.20789249,0.51864963,1.23895516,2.10597627,1.61026832,0.41727604,1.3130871,-0.59150565,1.63949487,1.32277805,1.25852035,0.67528545,0.19804489,0.99910923,2.30624015,1.11671706,0.39158918,-0.57101494,0.05324333,0.30535413,0.21061989,1.31510343,0.46448286,2.28872224,1.48911543,1.08538636,1.27218477,0.14325124,0.22058856,0.77550686,0.52095322,1.42456748,-0.30946001,0.35009816,0.36170369,0.77640579,0.73054982,-0.02817043,1.50371047,0.84273666,0.84015268,-0.19387983,0.82527712,0.12378162,0.19360255,0.70644439,0.19315868,1.82783041,0.73109966,0.23549011,-0.52827314,0.143501,0.10899582,0.81812863,1.05647209,-0.01798846,-1.33839022,0.9408553,0.82188848,1.45265983,1.23838648,0.70264049,0.87858633,0.43391689,1.05923199,1.93864231,-0.96771105,-0.11839834,0.65149585,1.05110649,-0.18119939,-0.20896231,0.02194725,1.05896588,0.7413251,0.59298683,0.17232242,1.29958849,1.36467474,0.65856809,1.10253981,1.3976497,0.55711313,-0.37613334,1.87455856,0.83300155,0.81439152,0.83311005,0.55805504,1.16442355,0.67208499,1.18854392,0.61977217,-1.09748593,-0.22408461,-0.26044059,-0.25123767,0.35071767,4.52465721,-1.04419912,1.682537,1.31877534,4.11837295,3.66901091,0.83926865,-0.70171895,0.97148424,1.18144305,0.15638649,1.17627931,4.65747941,1.20473933,-0.29976242,0.07984046,2.38115012,0.22147007,0.91268735,0.25939019,-0.40045219,1.6163878,-0.07983647,0.84222735,-1.7963118,1.01522025,0.01626666,0.63670735,1.16488916,1.52521598,1.43115458,-0.27920166,-4.43004036,1.91627159,0.70830174,-0.7743628,6.53049031,0.70902393,0.15707767,-0.40406168,2.11975764,-3.22865317,2.97771454,0.72550531,-1.40940463,0.69108021,-0.31700651,-2.84569605,-0.22788052,-3.61611702,0.52125399,1.95908732,0.46589677,-1.01517013,0.57853489,0.01924312,-0.93812783,0.85574435,-0.8596704,-0.04501043,0.9636886,-0.10271433,1.17923098,-5.08151939,-4.42315069,0.68296846,3.78056542,-0.75266446,2.78373586,0.64394935,-1.98941361,-0.62086227,-0.04525212,-0.9488714,-0.09439084,0.48590744,-1.01826535,-0.48254592,0.31549962,-1.17286139,-2.64148781,-2.08827963,-2.82046255,2.57683728,0.28486893,0.70045352,0.70798183,2.21125035,1.29905203,0.8498846,1.06195907,1.65940406,0.42034224,0.79948443,1.29964723,0.91930775,1.49068572,-0.62570416,0.00315276,0.17550787,-0.08352477,1.54717974,-1.50314118,-0.22878618,0.74864058,1.1826365,-1.4278722,0.38880124,-0.87863644,0.5953709,1.12315904,0.21052256,-0.60118504,0.10259459,0.26037089,2.03880029,1.60604046,-2.14746519,0.3770923,1.99924756,0.92055359
0.07415956,1.69158452,0.20718192,-0.34153818,2.00311251,0.44627035,0.96836867,1.08330561,0.92930929,0.41224453,-0.69537328,2.69572069,-1.52514593,0.48507077,1.98497505,0.15868872,1.16900216,0.93912167,0.16995103,1.3535123,-1.0779039,-1.84308205,1.48898296,2.50815295,-0.70642112,0.37102824,0.09892554,0.53408711,2.78326237,-0.16704002,0.41948337,-0.01994659,1.25154796,0.72346641,-0.31857449,-0.6343816,0.07741244,3.09977625,0.35521041,1.23004947,2.11282662,1.61121488,0.32051159,1.31272019,-0.37667454,1.58864618,1.24411239,1.27778325,0.68752019,0.16457518,0.98250278,2.23341292,1.07092717,0.44870353,-0.52976497,0.22409825,0.51532943,0.14701661,1.39665839,0.3805385,2.30623666,1.52071819,1.1327068,1.45511466,0.12466946,0.17550665,0.77683363,0.74180438,1.47800823,-0.32447077,0.40251645,0.36901243,0.76089725,0.73735,0.08767674,1.44810393,0.90497448,1.02779944,-0.11497857,0.61038978,0.1243711,0.19898493,0.73956535,0.27067102,1.86980586,0.61864067,0.1401754,-0.60759295,0.30880182,0.26130638,0.85734074,0.99595164,-0.15308645,-1.3999341,1.00505299,0.92000816,1.38595721,1.10021055,0.89255524,0.85034558,0.36861039,1.02275676,1.84120079,-1.0635929,-0.14830498,0.58578749,1.19410624,-0.10706493,-0.09498995,0.06726974,1.0871136,0.71372733,0.5076477,0.15755651,1.36804114,1.37400092,0.84227167,1.09302988,1.35366913,0.38846558,-0.40872976,1.9244291,0.81381613,0.87456714,0.76500822,0.66880812,1.15683546,0.59706205,1.2100885,0.66884836,-1.10955171,0.02758657,-0.26482735,-0.03744337,-0.50149537,4.61166889,-0.99112865,1.72736642,1.33801069,4.38914201,3.36842627,1.00673412,-0.76254817,0.95506358,1.22074913,0.10508256,1.16190152,4.65183379,1.37360908,-0.28425418,0.08477144,2.80285863,0.28260395,1.29658736,0.36152287,-0.31541405,1.4703933,0.15139624,0.84443446,-1.84606619,1.26874501,-0.01868438,0.31160289,1.15834224,1.54369052,1.41169225,-0.27756051,-4.92729653,2.27050638,0.96074004,-0.73375012,7.16767178,0.59292099,0.30542429,-0.23554927,1.93100973,-3.20158251,3.14949369,0.81334726,-1.35753882,0.50482583,-0.39076413,-2.8088179,-0.09817405,-3.61724918,0.49797564,1.86515466,0.46034715,-0.70740272,0.60802854,0.11482623,-1.02272383,0.44730473,-0.75172815,0.13681557,1.14500673,-0.15050219,1.22807139,-4.74298724,-4.38414196,0.91447016,3.74040236,-0.81660459,2.65342738,0.76360741,-1.91851618,-0.82088182,0.17900816,-0.91766619,0.33296317,0.33706956,-1.17063478,-0.45349645,0.26151389,-0.77743257,-2.45495661,-1.98304457,-2.81491145,2.65587897,0.23812053,0.81709753,0.99241839,2.22015902,1.33884121,1.13025515,1.01287131,1.63490448,0.42729586,0.90753946,1.30444371,0.74529977,1.49183305,-0.5200937,0.06634385,0.13712055,-0.18226521,1.7383427,-1.26087936,-0.13264012,0.49504701,1.06035001,-1.4029526,0.62032003,-0.69382097,0.34462376,1.16042426,0.20253847,-0.63201691,-0.24633154,0.3062558,1.97695773,1.6643853,-2.153696,0.85517755,2.03877658,1.1763676
-0.11326562,1.92780274,0.42571047,-0.30192759,1.84737939,0.39590369,1.09688263,1.12305219,0.88762098,0.19802565,-0.61432557,2.93498746,-1.50594416,0.51855397,1.78748045,0.16303694,1.3215631,0.92712431,0.16288528,1.42827854,-1.05022839,-1.82627777,1.45855974,2.47330764,-0.72582653,0.4689422,0.06094235,0.56729132,2.79219879,-0.00757627,0.48363479,-0.32969729,1.22230155,0.67227599,-0.44846017,-0.7238285,0.07129099,3.44799858,0.39978727,1.18263644,2.10250168,1.53276912,0.16811141,1.30198687,-0.28589179,1.70782063,1.26241625,1.37640309,0.71175903,0.24263142,1.08497367,2.26157829,1.08029636,0.45449217,-0.57477193,0.1051828,0.45680855,0.16169109,1.28291487,0.505872,2.32502919,1.55972195,1.14363913,1.5192078,0.09982322,0.15116313,0.82989774,0.59318893,1.52430477,-0.38416249,0.38322173,0.39590016,0.79067115,0.70076957,0.11642559,1.59175253,0.85777766,1.00410549,-0.29920403,0.75065501,0.18548829,0.33876567,0.72667434,0.18534604,1.99382106,0.71168419,0.1959303,-0.64286852,0.3800942,0.16979402,0.76248958,0.9525067,0.05163217,-1.29105432,1.08989103,0.92849738,1.35233319,1.17218023,0.90346739,0.89355234,0.29612788,1.06709986,1.82776902,-1.06968304,-0.08327691,0.32952418,1.07238605,-0.1183622,-0.13737793,0.00275485,1.06274272,0.76900374,0.583112,0.22598002,1.48402489,1.38168161,0.64440335,1.30841352,1.42189207,0.42616668,-0.328019,1.94578096,0.88250074,0.78408681,0.76433346,0.57299587,1.1155804,0.70082733,1.15089748,0.52145238,-1.17324286,0.02322952,-0.12930297,-0.13257937,0.44447296,4.58277583,-1.15282453,1.39723103,1.39900711,4.25574536,3.36242909,0.80305995,-0.83493915,0.95179388,1.36446641,0.1941119,1.14835487,4.8124028,1.2248341,-0.18952002,0.17944581,2.46352473,0.13926282,1.21223664,0.32365981,-0.46718095,1.42067313,0.1498058,0.7726298,-1.83246184,0.95637281,0.1718951,0.29644081,1.19495766,1.54951425,1.55714266,-0.2352301,-4.50523576,2.32039357,0.83291959,-0.80724224,6.87638087,0.8343465,0.26756677,-0.21338216,2.51842899,-2.89130002,2.84615446,0.82216461,-1.35473903,0.83171368,-0.39335979,-2.96741933,-0.05511794,-3.61894116,0.54704909,2.16526366,0.44126901,-0.39115243,0.53595751,-0.03474038,-0.97031416,0.88802696,-0.7162318,0.03009505,1.1668987,-0.12158062,1.12069827,-4.70478671,-4.37138699,0.58176575,3.76595628,-0.71533706,2.71781229,0.74573603,-1.87444779,-0.39095953,-0.00877188,-0.9328717,0.40513973,-0.06441568,-1.16380941,-0.46973813,0.15149105,-0.78960141,-2.57068263,-1.9746381,-2.80535826,2.63300316,0.28928,0.84444747,0.78244153,2.29432319,1.3386217,1.50284494,1.21220971,1.37899482,0.50764268,0.9757313,1.1887807,0.79911233,1.46683492,-0.45675086,0.05905628,-0.06436995,-0.09536923,1.58042028,-1.50281188,-0.10915475,0.40883415,1.20114084,-1.39005788,0.42727335,-0.77350343,0.21092294,1.16544137,0.26413011,-0.613412,-0.10770493,0.31665565,2.01998414,1.65951809,-2.44011043,0.22545998,1.97015711,1.09810951
0.09433843,1.7653943,0.4572791,-0.27554582,1.96816544,0.44378654,0.93035657,1.11569878,1.07054254,0.25170579,-0.62651395,2.73914949,-1.56883572,0.56586815,1.73429337,0.18930572,1.16862636,0.89351598,0.05917902,1.43566497,-1.04479254,-1.66832997,1.58152892,2.39498068,-0.65421139,0.38747791,0.06536626,0.41584971,2.82395327,-0.3103254,0.3662415,-0.19291391,1.16847781,0.86781522,-0.40689834,-0.59208659,0.03117047,3.04229824,0.39606403,1.27375117,2.17813525,1.41666929,0.26438625,1.28581429,-0.45710133,1.48930324,1.44124863,1.32824387,0.67325556,0.11131814,0.93183357,2.32654683,1.16720897,0.55004792,-0.59655391,0.1490357,0.32275192,0.06481899,1.532386,0.42894495,2.55162098,1.59049233,1.05207575,1.38497448,0.1681227,0.27133959,0.73228844,0.46056222,1.43472752,-0.30040433,0.27292261,0.3676608,0.76514432,0.74027172,0.05463447,1.45620843,0.88251935,0.97941388,-0.02941609,0.78056031,0.01151122,0.27241328,0.81433082,0.30198763,2.01572383,0.70364781,0.15061507,-0.55561563,0.29848597,0.3472539,0.77296441,0.93074706,-0.0317902,-1.26681515,0.97512174,0.86846748,1.38996255,1.08542892,0.81368009,0.94338614,0.51252389,1.02036366,1.70494446,-1.04837176,-0.10687641,0.60128983,0.95639338,-0.006421,-0.17574975,0.02505731,1.11102165,0.73531342,0.57042344,0.28093202,1.42998478,1.27018817,0.68268634,1.09432397,1.37940094,0.51302854,-0.42697452,1.99910227,0.860377,0.70550751,0.63451549,0.61063328,1.16759763,0.58293594,1.20177188,0.25617609,-1.12860606,-0.10103948,-0.24584998,-0.03186762,0.54420481,4.55145628,-1.00470884,1.83729863,1.42296806,4.16647035,3.57347275,1.20886427,-0.81174814,0.96493925,1.30354491,0.09699072,1.0256507,5.08563164,1.06879398,-0.35233689,0.06042941,2.74349514,0.21710151,1.19507608,0.33772486,-0.36929102,1.40798176,-0.10712229,0.8625679,-1.81357807,1.32167446,0.0495234,0.50623156,0.95956251,1.50318729,1.307149,-0.17791931,-4.55572328,1.93080996,0.68900811,-0.97556905,6.9848149,0.66177168,-0.00428005,-0.31492495,2.2474415,-3.27828951,2.62840184,0.69526398,-1.3736658,0.87671338,-0.3135861,-2.91621015,-0.0958951,-3.71449204,0.43245084,2.19012739,0.41392856,-0.53057242,0.49034043,-0.04298591,-0.95629315,0.45494014,-1.00682095,0.09119129,1.26218137,-0.17496328,1.06151732,-5.25873404,-4.37233164,0.80928074,3.76638684,-0.73551531,3.03570205,0.70913591,-1.94809056,-0.7532158,-0.05417116,-0.97579228,0.29781852,0.18332463,-1.14669298,-0.47707235,0.24995796,-0.92575491,-2.49538562,-2.0386282,-2.80852699,2.4666553,0.22700426,0.73436133,0.81212347,2.233504,1.40858811,0.72776824,1.13502517,1.53320891,0.45472659,1.09682041,1.44048902,0.78896527,1.27610699,-0.27584702,0.1510182,0.04212329,-0.19783774,1.46434455,-1.39529604,-0.18306101,0.75765013,1.21721778,-1.3924822,0.46482233,-0.75981958,0.42095139,1.18560841,0.20420445,-0.62706461,-0.31016814,0.33627172,1.95523864,1.63261968,-2.18407456,0.51836442,2.0133958,1.18095432
0.05076836,1.85430718,0.51429334,-0.33365589,1.78020999,0.40505258,0.98285737,1.24370096,0.9421651,0.15485288,-0.61652561,2.66093918,-1.41654298,0.55809283,2.02748272,0.18862553,1.42082882,0.77380489,0.21038059,1.33479688,-1.09955783,-2.01129102,1.56002408,2.44083699,-0.75099357,0.4146927,-0.01867454,0.76372444,2.86834544,-0.33685579,0.4704148,-0.13961364,1.16329325,0.76085511,-0.3265031,-0.76992685,0.10506015,2.79279279,0.21202614,1.22955844,2.10079734,1.37143329,0.38262403,1.36673178,-0.32917622,1.41787368,1.37980226,1.2160844,0.67677164,0.20557271,1.01107814,2.36363724,1.0411589,0.44911728,-0.57072912,0.06657565,0.41515508,-0.04663537,1.41529974,0.46612111,2.43255762,1.46686792,0.95947658,1.37947365,0.16146278,0.11815114,0.75723591,0.47589438,1.3704015,-0.41420588,0.51268201,0.32083325,0.73479157,0.74410093,0.07723311,1.37441399,1.01083192,1.1784648,-0.24812595,0.77814423,0.20410678,0.157149,0.74787228,0.14422351,1.70365057,0.62742595,0.1221608,-0.59981529,0.43872762,0.19063996,0.77158776,0.98722217,-0.15708019,-1.39395653,1.20851876,0.95348093,1.49433106,1.18318119,0.94013825,0.67956094,0.42042135,1.09971095,1.83654738,-1.08087099,-0.12391843,0.45480311,1.04508929,-0.14496924,-0.1023023,-0.06650243,1.08360006,0.58196676,0.67535787,0.2302171,1.34581728,1.40610191,0.73162157,1.22366747,1.46226361,0.72323618,-0.30963642,1.84344216,0.78261185,0.7302008,0.80980472,0.63203176,1.18253035,0.57453282,0.99544464,0.71491485,-1.13234732,-0.24580437,-0.14013332,0.10801648,0.17694282,4.40301686,-1.04287716,1.46867191,1.32237607,4.39512697,3.3079156,0.57952461,-0.69001994,0.97393375,1.13297638,0.12828934,1.04880126,4.47203989,1.15382309,-0.23355519,0.23901266,2.66403814,0.22800247,0.92656763,0.28644176,-0.34629906,1.57255885,0.18260265,0.8554193,-1.89088014,1.09867899,-0.01481685,0.40233802,1.20598071,1.60620253,1.32161911,-0.16680017,-4.78230497,2.15626793,0.70335794,-0.74016138,6.92322021,0.58358307,0.26577662,-0.14557319,2.09306956,-3.37698234,2.72644243,0.90195338,-1.50129588,0.9225412,-0.41100542,-2.99078153,-0.2025196,-3.63178174,0.6334744,2.22968647,0.50158017,-0.48322774,0.64129454,-0.06176883,-0.97288942,-0.04681991,-0.51969833,0.01913264,1.29272144,-0.08557273,1.0433319,-4.98922356,-4.34411483,0.81230949,3.78647955,-0.79060409,2.72610603,0.78661277,-2.02759289,-0.79564574,0.08307692,-0.94803404,0.55956914,0.3564395,-1.17267627,-0.47600919,0.19714955,-0.62709082,-2.70162374,-1.92549946,-2.82767729,2.73722162,0.27319008,0.87644052,0.52297226,2.36968675,1.41128858,1.39330712,1.35293342,1.6505767,0.49301421,0.83780727,1.069138,0.95675459,1.23837493,-0.4834949,-0.0699971,0.20754958,-0.03334742,1.63275961,-1.40125514,-0.14541287,0.35559709,1.18919105,-1.45851997,0.56185654,-0.70216589,0.27187417,1.14794496,0.27750188,-0.50150908,-0.14395065,0.35266429,2.09087934,1.66687357,-2.20136507,0.6242047,2.14102498,0.87011003
0.00142286,1.88345304,0.28927735,-0.28678963,1.9302984,0.41391857,0.97082503,1.08097535,1.09190142,0.43507658,-0.64325631,2.75584598,-1.50752555,0.46660951,1.73073024,0.1526882,1.29856557,0.83290497,0.50215299,1.19964749,-0.98914475,-1.77601311,1.53097953,2.48176437,-0.72305607,0.34763617,0.00653405,0.40487682,3.00130144,-0.2688238,0.40878784,-0.20286141,1.1803595,0.76712591,-0.40969716,-0.72714682,0.06411189,2.93117692,0.4211916,1.2535142,2.10583675,1.16470828,0.29375545,1.30675381,-0.47434507,1.58933751,1.25816787,1.16238419,0.67201101,0.23750261,0.89850184,2.30325194,1.08174134,0.51636255,-0.60225164,0.14896789,0.21740634,0.05117083,1.44482676,0.46131922,2.39875542,1.55911744,1.10255199,1.37295887,0.09006252,0.1072918,0.86848642,0.53942736,1.37444879,-0.2807783,0.4716131,0.34081706,0.6982545,0.87802666,0.01824404,1.4800582,0.99644714,1.04311276,-0.16038962,0.77033047,0.06155473,0.16452211,0.8137949,0.2329467,2.05173292,0.66045173,0.12243042,-0.60550891,0.3445675,0.23993454,0.80220918,1.01579811,-0.03331437,-1.35368697,0.76876726,0.9253186,1.51750923,1.35493374,0.79383681,0.78009544,0.51351583,1.20673667,1.67149636,-1.02462438,-0.16522274,0.57862684,1.16498032,0.07790778,-0.10188963,0.07795578,1.00765076,0.59434278,0.64727533,0.19500601,1.36881437,1.52008991,0.77554326,1.18873936,1.35868054,0.35447803,-0.3267764,1.88825896,0.88327392,0.59997238,0.90851336,0.52750227,1.15927696,0.61255118,1.16364404,0.74506291,-1.1594379,0.13518815,-0.27363076,-0.09916291,0.32185311,4.44468047,-1.00319978,1.93457149,1.43761825,4.4295975,2.58205782,1.01969507,-0.72762255,0.99513085,1.30218924,0.13945682,1.09710694,4.81542686,1.19666037,-0.24819025,0.23869206,2.28652987,0.24714266,1.12558589,0.2752657,-0.26289681,1.35213867,0.24360975,0.89472348,-1.81393041,1.19876355,-0.07056234,0.69205343,1.15406413,1.62121586,1.40040574,-0.33059603,-4.71607948,2.25659863,0.75130209,-0.81503139,6.98076441,0.82157062,0.34015375,-0.2936544,1.88986781,-3.38524451,2.90738022,1.00058889,-1.42904466,0.69022175,-0.42546385,-2.88006245,-0.14867742,-3.48289006,0.48467682,2.10040791,0.36763912,-0.74313489,0.6156103,0.06664105,-0.97401729,0.58755915,-0.90373702,-0.00035999,1.37951344,-0.17383042,1.24462431,-5.04438017,-4.37526104,0.92564158,3.76796588,-0.84917781,2.70518607,0.77989215,-1.91494192,-0.49521046,-0.01519907,-0.58209472,0.24772631,0.29510993,-1.10092087,-0.44290858,0.15803161,-0.84245201,-2.32727934,-1.98362803,-2.80521024,2.71999956,0.23167265,0.81258627,0.5523291,2.38917927,1.30200343,0.86013195,1.37380902,1.6732059,0.54576749,0.84526718,1.27944699,0.7837625,1.71192162,-0.54860221,-0.0139191,0.02578457,-0.13965162,1.59939293,-1.51097693,-0.15118253,0.54045775,1.1566649,-1.5089551,0.34080951,-0.76140605,0.29635574,1.13373178,0.1724614,-0.60666067,-0.02189796,0.34393757,2.14080888,1.64992079,-2.30317347,0.53968517,1.99741444,1.13156381
0.04421646,1.83591312,0.27382084,-0.3094944,1.70596755,0.42576181,1.00833308,1.04293442,0.97125162,0.21026091,-0.67616577,2.67549447,-1.53313833,0.50797373,1.68794732,0.14903174,1.20673849,0.84016124,0.31878564,1.35798026,-1.06862427,-1.84222347,1.4819433,2.45015638,-0.63986761,0.45263917,0.0517135,0.32658174,2.90788311,-0.1321717,0.31364646,-0.15570725,1.2662789,0.68672019,-0.47687362,-0.62991241,0.05239004,3.02061903,0.3065846,1.22623354,2.11357483,1.12291607,0.29410789,1.28712819,-0.4395648,1.50593165,1.26609958,1.21373514,0.72181903,0.16678791,1.05499457,2.51232498,1.05763918,0.46071933,-0.61264,0.14616767,0.20685232,0.07307109,1.40835453,0.42919938,2.00240011,1.55335375,0.97491529,1.51040047,0.10921832,0.27560123,0.85706376,0.46967564,1.49338734,-0.28700624,0.36013346,0.36582309,0.62800943,0.64721988,0.10211066,1.3818519,0.88261427,1.10409291,-0.14491681,0.66821906,0.26440208,0.25392136,0.87975809,0.19792958,1.86144313,0.64886116,0.17165801,-0.56495442,0.24308,0.21195894,0.77185894,1.05060649,-0.27993405,-1.37032868,1.0840741,0.8907332,1.46131598,1.24125015,0.81707699,0.87326988,0.47040079,1.17150604,1.90669049,-1.12355011,-0.19992682,0.59582649,1.14763542,-0.03017876,-0.10632582,-0.05542362,0.99336366,0.57950522,0.74681801,0.26664906,1.34834261,1.20773216,0.56717028,1.04478749,1.43285255,0.44889673,-0.22843658,1.86983384,0.85966995,0.81669819,0.88301258,0.6156519,1.05957203,0.81741962,1.19059801,0.54218301,-1.16271494,0.13857554,-0.21559098,-0.10426209,0.64907351,4.45542927,-0.98667726,1.65546577,1.38484719,4.09550345,3.30648718,0.83420546,-0.90836646,0.95297768,1.29072094,0.10282853,1.08288192,4.81618266,1.09264517,-0.23238324,0.13838499,2.63568719,0.23006011,1.1120187,0.36010729,-0.3329161,1.37463833,0.02408256,1.03857092,-1.81311029,1.29573622,-0.02415578,0.42317583,1.06343032,1.49047727,1.63515147,-0.39792364,-4.85341768,2.11419196,0.54034902,-0.65861838,7.08010245,0.73177655,0.3551702,-0.31204082,2.19092023,-2.97823379,2.92275764,0.89713802,-1.309387,0.77194641,-0.53844067,-2.979349,-0.15507032,-3.62226769,0.43061865,2.23817404,0.36212798,-0.8031286,0.60185652,-0.02706433,-0.91979734,0.13624164,-0.88123262,-0.05111129,1.46926286,-0.1588045,1.15786915,-5.07139278,-4.4091523,0.57893822,3.7271848,-0.72166455,2.79172133,0.74404789,-2.02999387,-0.55517414,-0.08113679,-1.34579481,0.07211348,0.00290396,-1.08828408,-0.47239772,0.15790521,-0.90123601,-2.440047,-2.01857514,-2.81614431,2.59582384,0.22116852,0.78526525,0.90425347,2.2742527,1.40239922,0.92180298,1.31291243,1.39838496,0.47685107,1.10519954,1.27592455,0.76378376,1.53397615,-0.50311686,-0.00195524,-0.15514318,0.03184606,1.63861433,-1.41285028,-0.15985163,0.50195735,1.00990126,-1.45649537,0.51266969,-0.76787274,0.30976121,1.19260545,0.24347464,-0.63962477,0.01231621,0.2416408,2.04111272,1.64965379,-2.25303399,-0.10307302,1.9895695,1.19313351
0.03647136,1.82711692,0.36201523,-0.3009808,1.7306739,0.33351075,1.04302757,1.09048947,1.0092852,0.24934948,-0.64120082,2.74572976,-1.52851357,0.53293038,1.83468197,0.15055856,1.18428953,0.8719382,0.30370234,1.32368812,-1.04079212,-1.70711271,1.47339152,2.47785865,-0.69671182,0.33516917,0.20672036,0.45915903,2.68374848,-0.14424635,0.37617812,-0.26733803,1.20981612,0.79820063,-0.49069529,-0.65028066,0.12266323,3.04439996,0.48571188,1.21612188,2.12039045,1.45781787,0.37054854,1.34216579,-0.33352934,1.66193374,1.3407705,1.30965684,0.67679052,0.29368908,0.99239895,2.40768781,1.14091325,0.38399945,-0.65816899,0.17159471,0.16120102,0.08187101,1.36288661,0.43799684,2.46077434,1.66995101,1.07663078,1.4129097,0.1126953,0.13166239,0.76253892,0.67834168,1.62274806,-0.29737594,0.3113375,0.39726076,0.83338927,0.73101573,0.12324822,1.3189688,0.82580859,1.11129333,-0.0426472,0.740517,0.09722253,0.19422926,0.80980633,0.19299002,1.72300762,0.59854521,0.15516429,-0.56882884,0.40194548,0.1220466,0.87294324,0.95909936,0.04992967,-1.4305795,1.05532497,0.98725361,1.37789461,1.11215041,0.91654414,0.93624754,0.46350381,1.12408111,1.85832183,-0.99982388,-0.06257409,0.59186289,1.147369,-0.08911306,-0.09292472,0.02710756,1.09396441,0.6146462,0.58975275,0.27024626,1.42198656,1.37127927,0.48027455,1.23738211,1.34539501,0.57966695,-0.32053039,1.99469905,0.87635569,0.82585398,0.76720206,0.66943487,1.19646577,0.69569033,1.06333932,0.56894341,-1.13357532,-0.02784203,-0.29489814,-0.53263818,0.62481228,4.55346996,-1.06644713,1.80891004,1.46958957,4.35175088,3.36521422,0.57965278,-0.98493144,0.98194062,1.45329501,0.05992359,1.1084267,4.8714093,1.26853948,-0.35811634,0.18872453,2.51244488,0.24269977,1.05879552,0.27375747,-0.34219734,1.18537329,0.16458124,0.53183841,-1.87822456,1.05046359,0.00635893,0.45696803,1.26538623,1.61530693,1.39029718,-0.20274545,-4.63005451,2.28062854,0.70627082,-0.65757443,7.05600599,0.79455465,0.26834154,-0.24351293,2.04500313,-3.54322705,2.79556729,0.93989343,-1.27111811,0.84061808,-0.37805431,-2.84212082,0.16080424,-3.66555748,0.59337399,2.06350708,0.39366302,-0.77358057,0.61730823,-0.11400447,-0.96903796,0.59328306,-0.67131848,-0.19030101,0.65060408,-0.11825695,1.17390399,-5.0462672,-4.36148053,1.10193838,3.74264079,-0.79229167,3.1604005,0.83712914,-1.79226773,-0.03596669,0.05514236,-1.1994791,0.31144787,0.34966383,-1.05654929,-0.47500546,0.21778305,-0.64874307,-2.44015704,-1.93813039,-2.81898163,2.82630259,0.24907728,0.88716054,0.79246747,1.99778925,1.38329587,1.43443438,1.24655831,1.52345766,0.51323885,1.13543648,1.2023264,0.94876821,1.42385254,-0.48779506,0.02649269,-0.10018945,-0.11252664,1.45393533,-1.39714963,-0.26437888,0.54193361,1.05008443,-1.42253746,0.36334402,-0.63047259,0.0372863,1.17502953,0.20010473,-0.52814989,-0.27597514,0.3016833,2.17684636,1.63311723,-2.21337881,0.28834666,2.17166557,1.30355987
0.06441813,1.82948054,0.40510071,-0.21057349,2.0014236,0.30346543,1.04128113,1.35747066,1.04552089,0.28752753,-0.63836871,2.69501982,-1.50981041,0.44448241,1.94338352,0.21317591,1.15796851,0.8692541,0.29197929,1.38541215,-1.00729045,-1.94469069,1.48413315,2.46755601,-0.71721123,0.32843558,-0.0081344,0.74329807,3.08158408,-0.15687576,0.47499787,-0.24821989,1.20583597,0.79877458,-0.48393506,-0.64893549,0.07668242,3.12325196,0.44640855,1.22977469,2.18787006,1.32518804,0.34969228,1.29903884,-0.46608558,1.74657799,1.46293628,1.37544292,0.55440644,0.1647353,0.81875815,2.55414733,1.04008173,0.5334277,-0.60474416,0.09977409,0.13948435,0.0745409,1.35196831,0.55354862,2.53094526,1.36129245,0.9077915,1.24865226,0.12933486,0.16782065,0.8688443,0.55548452,1.3446792,-0.26422805,0.5435604,0.33174405,0.88378891,0.86117544,0.12136829,1.42722451,1.01393028,1.00316173,0.00094085,0.76147961,0.15654417,0.18501952,0.65515823,0.2155576,1.91879706,0.7024044,0.09846701,-0.63515144,0.30347465,0.25839083,0.78140149,1.04786353,-0.06051963,-1.22930608,1.0516194,0.87549806,1.39965666,1.258408,0.7166654,0.83005859,0.49835838,1.23121797,1.8977537,-1.00493557,0.02344628,0.58451935,1.19578167,0.10132311,-0.10530275,0.00063619,1.06712066,0.74253374,0.65754556,0.208838,1.45323931,1.32930548,0.74738466,1.31311833,1.22895558,0.39610941,-0.37573875,1.8625726,0.90037818,0.7534274,0.77316985,0.64829941,1.13123722,0.58022765,0.89653618,0.67549021,-1.15976823,0.1106649,-0.21133979,-0.10379095,0.42977581,4.54519084,-0.97116447,1.630791,1.39172375,4.27228151,3.56160159,0.68422651,-0.70960383,0.98835848,1.3019554,0.16441641,0.99542921,4.99265556,1.37182349,-0.22234042,0.17103989,2.71311594,0.32313695,1.00654134,0.267558,-0.32596293,1.27859658,0.02938964,0.91409974,-1.92080975,1.04540172,0.02024376,0.75353727,1.10084819,1.59475564,1.41686291,-0.16457615,-4.76237976,2.2194414,0.80555274,-0.88435633,6.66896663,0.59111865,0.27409957,-0.27263056,2.1024499,-3.30594304,2.38380739,0.52660349,-1.33970169,1.16803874,-0.56292277,-2.90438835,0.02292683,-3.69429939,0.68555063,2.11962235,0.58470701,-0.70665632,0.63886129,0.01312783,-0.94224,0.55524071,-0.65721997,0.12177957,1.33095526,-0.176703,1.1843345,-5.07834908,-4.39055219,0.31920763,3.76509581,-0.69832815,2.72730985,0.71430466,-1.88592214,-0.25114676,0.10025795,-0.70851978,0.28778036,0.12938391,-1.06163496,-0.48183134,0.19170557,-0.91435682,-2.41503216,-2.03601787,-2.80883991,2.79812178,0.20151039,0.7448625,0.78785915,2.5467986,1.37930365,1.10208,1.41270952,1.51468121,0.29321027,0.86331396,1.23416059,0.87613877,1.58708103,-0.34558469,-0.18880956,0.05666162,-0.08880157,1.73422381,-1.40363691,-0.26827821,0.48975218,1.15693578,-1.4152428,0.55916394,-0.84484073,0.27798076,1.14515366,0.25260414,-0.61385714,0.13981942,0.25100669,2.29313689,1.70451402,-2.12607846,-0.0970906,2.07465395,1.28702994
-0.05320388,1.98583662,0.30212907,-0.28810135,1.9929329,0.40751101,1.04653279,1.08527358,0.97755557,0.18110227,-0.5913388,2.64394573,-1.44512346,0.56865438,1.6678866,0.14405625,1.25962367,0.90209601,0.27635316,1.51052782,-1.03556386,-1.94874832,1.44722332,2.41789555,-0.7061222,0.41004583,0.10043523,0.6396104,2.97690802,0.01874301,0.4049263,-0.22901633,1.16647133,0.75576126,-0.38827195,-0.65117165,0.05187412,3.06372645,0.3511295,1.19076122,2.11833941,1.56894088,0.32776163,1.25321738,-0.43727097,1.41475146,1.31539888,1.23213452,0.63586179,0.04577185,1.04725794,2.25186899,1.08270378,0.37669203,-0.61981313,0.21667551,0.30592636,0.05684223,1.51888854,0.35450465,2.33218804,1.33519728,1.0071966,1.35748857,0.17258569,0.11192182,0.81513123,0.51599005,1.44510465,-0.3076763,0.59431165,0.30096242,0.7562809,0.79989463,0.05297748,1.3762043,0.91106494,0.90766542,-0.00317389,0.60985787,0.10564692,0.1578015,0.82463677,0.16711711,1.87093249,0.57331673,0.18158364,-0.49838398,0.28883574,0.27676486,0.84945787,0.9985004,-0.04706051,-1.59750868,0.84935798,0.91613479,1.49780839,1.18241933,0.91098783,0.86333655,0.41186014,1.10427806,1.89994054,-1.08455793,-0.19036675,0.44517303,1.08330567,-0.09338333,-0.14650256,0.03300373,1.07505128,0.60475761,0.49342082,0.20699435,1.41474271,1.32191103,0.8078987,1.18265833,1.37484773,0.40454453,-0.31398882,1.84999309,0.85066723,0.75632703,0.78388444,0.62759817,1.08825061,0.65495464,1.22128657,0.67048649,-1.22649422,-0.03550758,-0.47067229,-0.17962752,0.39845015,4.35840611,-1.15067288,1.7912974,1.28293167,4.09123676,3.33350516,0.78797034,-0.94052589,0.96119082,1.34163205,0.09065912,1.13119255,5.00347446,1.14983558,-0.29791315,0.1465764,2.46734682,0.28234954,1.03452552,0.39339817,-0.43163161,1.21740055,-0.07707488,0.67032318,-1.81744463,1.21931552,-0.17168422,0.45736582,1.16382386,1.51435327,1.23767578,-0.23029058,-4.54705889,2.2611464,0.48510648,-0.88309439,7.20046309,0.63313752,0.19270192,-0.31145516,2.01926769,-3.49786835,2.6649123,0.80987348,-1.42414611,0.83846055,-0.37004622,-2.89986473,-0.12463243,-3.77991721,0.47727955,2.11042865,0.10711838,-0.82160267,0.58573848,0.01988078,-0.96151828,0.30817805,-0.71691619,-0.02226756,1.25915629,-0.14230574,1.0823607,-5.16061958,-4.3840408,0.9520007,3.70418623,-0.82946301,2.75149805,0.71407425,-1.89798259,-0.61120952,0.09335373,-1.10350057,0.34032571,0.12522545,-1.11413504,-0.54812142,0.15252201,-0.75893838,-2.42621094,-1.98842495,-2.80195346,2.55309249,0.20341445,0.75104175,0.55808129,2.26997339,1.36649311,1.34089934,1.21286966,1.44861531,0.4478451,0.96475124,1.27693406,0.80756355,1.31358277,-0.55855316,0.01314908,0.02251497,-0.08508269,1.26348488,-1.43793924,-0.09051777,0.45840556,1.12784641,-1.36505512,0.57477259,-0.68785208,0.18050519,1.13304687,0.18749364,-0.63713415,-0.24054306,0.27079553,1.99598669,1.74054044,-2.14019445,0.50251447,2.06658415,1.14580206
0.0437227,1.92876693,0.33028026,-0.26246647,1.99087179,0.39267289,1.04976206,1.22514833,0.96685095,0.31234823,-0.69399828,2.6833381,-1.5279166,0.53494954,1.80315186,0.14325932,1.24151487,0.9474399,0.28358556,1.37027574,-1.030023,-1.95787416,1.56319337,2.43243119,-0.69081576,0.29376092,-0.01897913,0.26236224,3.01739118,-0.36419578,0.37799303,-0.33002898,1.23173504,0.80851927,-0.53619112,-0.64454765,0.050938,3.13576081,0.32702118,1.12795553,2.04807972,1.33712937,0.33455468,1.23913374,-0.42952811,1.76494619,1.33375622,1.22269103,0.63019218,0.26032555,1.17403092,2.56496898,1.09441512,0.41724092,-0.56829439,-0.00006859,0.14066887,0.02517836,1.25342228,0.4406355,2.63442174,1.62892761,1.04640184,1.41156677,0.09768625,0.04430314,0.75648995,0.6073767,1.55880805,-0.26621999,0.13365029,0.3341821,0.68051989,0.58998148,0.08412573,1.53437223,1.00370964,1.10897545,-0.09012815,0.69185721,0.16984651,0.26849802,0.71072406,0.17154472,1.82782096,0.65199642,0.15385117,-0.55740006,0.38044744,0.08055514,0.84647157,1.01520564,-0.13929888,-1.40387485,1.03188119,0.95714708,1.36358387,1.17364526,0.90950713,0.87562668,0.47712982,0.97713832,1.86202411,-1.10034037,-0.05597503,0.58049606,1.11255669,-0.09910297,-0.10853199,0.00335778,1.16322941,0.70636958,0.63133396,0.36486195,1.34399721,1.31521638,0.87570208,1.12589164,1.32572264,0.3458051,-0.31952105,1.82918108,0.86688226,0.75259478,0.65792848,0.60778216,1.22246448,0.62394272,1.18271534,0.77083991,-1.12209379,-0.22329669,-0.19024633,-0.33927523,0.70145573,4.70280074,-1.06141859,1.83494441,1.43858046,4.26340096,3.24072774,0.850497,-0.80649794,0.9697563,1.20089753,0.12812959,1.04826836,4.74145482,1.36387581,-0.1642125,0.25042372,2.608106,0.19503477,0.95914659,0.24495895,-0.38873847,1.64508779,0.12903478,1.08826734,-1.81578225,1.27736755,0.00660498,0.45382518,1.1417895,1.56833897,1.22867437,-0.28814245,-5.02645642,2.22053407,0.76543894,-0.79085506,6.58633895,0.62348779,0.35696367,-0.29767079,2.29149847,-3.48162636,2.84199817,0.72184847,-1.41219766,0.64965266,-0.32388974,-2.91476199,-0.29921076,-3.66073576,0.55615766,2.10667071,0.37645062,-0.45759783,0.64108005,-0.04296853,-0.90173916,0.55904193,-0.83179213,0.08062618,0.93610768,-0.13273357,1.07082402,-4.87795728,-4.36252179,0.9934886,3.70834282,-0.72281603,2.79987182,0.7644397,-1.96421617,-0.46538065,-0.07392022,-1.13897401,0.49463,0.2168051,-0.99399237,-0.47512079,0.24080022,-0.85172547,-2.64741817,-1.98364634,-2.81318863,2.77760824,0.22025805,0.84078494,0.90580285,2.40570603,1.33387635,1.01320547,1.05742181,1.52032507,0.31922791,1.11102794,1.34871144,0.84122987,1.47822149,-0.45942759,-0.0164775,0.17378274,-0.04902145,1.31079551,-1.31401316,-0.05188532,0.5975452,1.06594832,-1.32238267,0.02842738,-0.70451449,0.39331666,1.1216634,0.23254383,-0.56877484,0.20435139,0.32198999,2.25214075,1.6689207,-2.35067657,0.60571242,2.10684134,1.07393115
0.01888691,1.9132179,0.31835911,-0.29205366,1.91004516,0.37840724,0.93732224,1.08449474,0.93063612,0.27870102,-0.64523215,2.84501745,-1.46621176,0.59616269,1.75363844,0.19270239,1.21186722,0.87753469,0.20679334,1.39104685,-0.99278108,-1.77982485,1.67924836,2.46559763,-0.74149907,0.2545388,-0.05411547,0.71210726,2.81177943,-0.13381683,0.46588495,-0.16404608,1.15611989,0.71982932,-0.41909234,-0.65994543,0.01383559,3.54761049,0.59505541,1.2221492,2.05131596,1.13793893,0.33787167,1.24192742,-0.55167062,1.63546156,1.35407449,1.23728548,0.64569689,0.13161896,0.927943,2.36442734,1.07246419,0.38787076,-0.60458792,0.0991587,0.25022871,0.12895558,1.31405536,0.49178727,2.48578165,1.39743644,1.06447567,1.37522022,0.11453849,0.03980564,0.81962348,0.52141702,1.4360682,-0.2770322,0.1380343,0.23473786,0.73426736,0.66246207,0.14889177,1.43663078,0.9735661,0.99290363,-0.19781707,0.80728929,0.06921246,0.18303344,0.7005767,0.18619716,1.90505219,0.5640736,0.14698668,-0.60420334,0.18239833,0.27225426,0.78241457,0.86603672,-0.25903026,-1.4075982,0.95535851,0.79139194,1.42786096,1.15282227,0.63731559,0.88074412,0.38284442,1.28540023,1.82466504,-1.06286674,-0.15419282,0.42608152,0.99413161,-0.1728866,-0.19859746,0.17959683,1.0424778,0.83804186,0.64075924,0.25379464,1.28430008,1.33125284,0.72095176,1.19852589,1.44810439,0.28471935,-0.39056301,1.82550674,0.8408868,0.83928948,0.76230905,0.59668343,1.11500665,0.51124629,1.00521336,0.66124724,-1.17001056,-0.04658161,-0.34739182,-0.40108616,0.4215229,4.49045786,-1.14968947,1.7305098,1.26679474,4.13870638,3.58040958,0.60706257,-0.93772225,0.95737933,1.32271042,0.11212354,1.32099844,5.14823771,1.20140945,-0.22953476,0.16396702,2.70981942,0.25443605,1.05555549,0.28275809,-0.48552666,1.37156873,-0.2565895,0.79410256,-1.84562752,1.02202235,-0.04355377,0.55561516,1.03157131,1.74772539,1.3771758,-0.34079424,-4.94118757,1.81509073,0.69613726,-0.94545527,6.2060399,0.72247633,0.12573393,-0.36911219,2.14877706,-3.73262234,2.79997019,0.85536061,-1.47369796,0.8073063,-0.41655158,-2.92768504,-0.19249247,-3.52234758,0.64488864,1.95280761,0.21755366,-0.88281372,0.65930135,-0.0364671,-0.92682208,0.59942722,-0.93428721,-0.09243088,1.24120847,-0.16317582,1.42971831,-5.3286372,-4.41816897,0.71818249,3.7160108,-0.86326793,2.86589406,0.60946512,-2.01299623,-0.57121931,0.032305,-0.89260617,-0.22660543,0.13616702,-1.124778,-0.56538607,0.23886396,-1.17230834,-2.52325808,-2.06937835,-2.82279371,2.51779725,0.20942818,0.67307817,0.72558818,2.40187188,1.29964862,0.79310666,1.05677265,1.38759169,0.3554111,0.89825946,1.43449698,0.95286068,1.31934675,-0.52038002,0.08457367,-0.17502457,-0.14320839,1.56210372,-1.43928873,-0.25949664,0.45767119,1.02755351,-1.44240625,0.12214858,-0.84983518,0.30094442,1.18167948,0.20809476,-0.56574517,-0.24860875,0.32542267,2.10046656,1.64027479,-2.23739718,0.65368916,1.97505922,1.06186692
0.05980957,1.92548518,0.33536047,-0.20515239,1.92013045,0.44006077,1.02672835,1.29401877,1.05429153,0.26505719,-0.61754431,2.7246495,-1.43918688,0.50294768,1.84194165,0.1539233,1.25582687,0.88100701,0.38742358,1.30348136,-1.16204709,-1.76536135,1.42662445,2.33811165,-0.68546477,0.22703455,-0.07131063,0.55235644,2.9592703,-0.32143221,0.4712274,-0.28389053,1.1324964,0.68382343,-0.4245544,-0.64589758,0.17783032,3.2403805,0.33795965,1.21930166,2.10333448,1.17664529,0.36678909,1.31648137,-0.30231309,1.67860521,1.31039676,1.27526059,0.62568524,0.21058729,1.02625458,2.45822286,1.11811259,0.48945866,-0.60503954,0.16861945,0.23946594,0.07944793,1.61980786,0.56655363,2.55483877,1.45331872,1.17884843,1.50043533,0.17868798,0.10552217,0.88021282,0.53263211,1.41583972,-0.4122642,0.64667988,0.34344345,0.83057207,0.79881647,0.06017111,1.42259336,1.07273738,1.34276608,-0.01655053,0.63335579,0.08966288,0.22789968,0.78644697,0.19760328,1.77968997,0.63792104,0.13905829,-0.6322097,0.47345468,0.17160247,0.80211834,0.92412852,-0.01895089,-1.35854863,1.14411999,1.00419155,1.34167267,1.12346075,1.00370343,0.98607572,0.37383561,1.02783217,1.84226306,-1.12032838,-0.16566131,0.63476134,1.23887434,-0.25332143,-0.13776746,0.02896172,1.09522941,0.65440328,0.53109131,0.36799197,1.40211187,1.38608113,0.59280804,1.29480636,1.17842336,0.26897432,-0.30703439,1.93328465,0.7859245,0.72680101,0.68444624,0.60310529,1.11868942,0.69542806,1.11669916,0.65525521,-1.10235777,-0.03947641,-0.3383288,-0.19046721,0.39481625,4.54380754,-1.18941295,1.86017641,1.30822045,4.25244488,3.47158037,0.53122181,-0.84184056,0.96151001,1.23647353,0.14162861,1.12267631,4.69723191,1.30897197,-0.33919797,0.18270633,2.6307826,0.18790251,1.1473153,0.35341673,-0.39212506,1.44074217,0.0314062,0.75671033,-1.83066431,1.22717239,-0.08874317,0.50488922,1.31186805,1.49917575,1.44706088,-0.40971723,-4.4639107,2.13839421,0.44888829,-0.66200478,6.76749913,0.80692399,0.28173872,-0.19042895,2.12770711,-3.08312201,3.00055893,0.74267572,-1.4742932,0.82291529,-0.37530432,-2.96897412,-0.19597617,-3.59377183,0.53460193,1.9012394,0.36674911,-0.76328532,0.56540367,-0.00588368,-0.92183691,0.50015791,-0.59778199,0.01139507,1.18814212,-0.10032157,1.36257535,-4.8213451,-4.34445728,0.49271347,3.77059437,-0.86143569,2.70716462,0.84218936,-1.97480287,-0.70073436,0.19571386,-1.11088743,0.48848171,0.00654069,-1.20061871,-0.41774613,0.2948854,-0.50398608,-2.50693556,-1.92696541,-2.80723628,2.64487171,0.25674266,0.97056393,0.66917499,2.33685868,1.44619697,1.16756467,1.26550338,1.74183135,0.40053536,1.00848197,1.27608818,0.68862965,1.38229373,-0.51949589,0.02817877,0.0739451,0.0432563,1.67803931,-1.35492557,-0.10605531,0.43332354,1.04745673,-1.41415951,0.29619965,-0.91709371,0.17435446,1.16288588,0.21367832,-0.54337252,-0.093173,0.29152336,2.15161543,1.61950002,-2.16050245,0.67872431,2.035226,1.07045361
-0.05386945,1.86398409,0.44457089,-0.28352582,1.9122769,0.11997284,1.06430061,1.11371238,1.0740527,0.22763753,-0.59650772,2.75231453,-1.53729676,0.46742029,1.8433844,0.19294426,1.20479984,0.87486685,0.23947759,1.32608479,-1.10540103,-1.82367567,1.60474074,2.48736124,-0.70143996,0.43766131,0.00128729,0.53545768,2.90902432,-0.20115858,0.37436817,-0.19705085,1.16887726,0.88414016,-0.47374761,-0.69005412,0.06160744,3.14903875,0.4716136,1.23602367,2.19379445,1.57536425,0.19662286,1.22892433,-0.45444639,1.49436954,1.27264316,1.35992563,0.71600491,0.39776801,1.07639887,2.50098075,1.09831033,0.44333686,-0.55809981,0.19658868,0.19229167,-0.02874176,1.19192174,0.5218384,2.40704322,1.5023864,1.03601112,1.44167542,0.09121574,0.06345498,0.87934181,0.61304292,1.46723694,-0.40916798,0.29922683,0.33476388,0.57108361,0.68620646,0.0390928,1.46155831,1.04065183,0.98106804,-0.15011184,0.57307442,0.13720133,0.27137018,0.74952514,0.18952915,1.85616215,0.67885045,0.10169199,-0.58456283,0.28905288,0.2944512,0.82221495,1.01299591,-0.06168691,-1.40522582,0.9205059,0.8842883,1.43113023,1.2024652,0.81873677,0.90706544,0.44044102,1.06143201,1.88378038,-0.99525354,-0.13320264,0.5521281,1.23820491,-0.07647592,-0.00101644,0.01814072,1.05662331,0.62547419,0.57647581,0.10968674,1.36622055,1.33299072,0.77964332,1.21621945,1.31617153,0.53760312,-0.30864534,1.8679373,0.85168733,0.76595415,0.89388406,0.55401197,1.15889547,0.56064475,1.28982213,0.68287152,-1.14348945,0.41780503,-0.21515642,-0.41916353,0.21156794,4.24470225,-1.39992334,1.77567948,1.54071886,4.38440463,3.48313712,0.84433018,-0.82668452,0.98867192,1.09050349,0.04452361,0.95718738,4.7117429,1.12020981,-0.30637034,0.17651683,2.48882216,0.26458121,1.07175701,0.26885283,-0.29045565,1.24324812,0.09709312,0.54842477,-1.85901201,1.3224598,-0.15173007,0.63648735,1.41256103,1.50482111,1.31890382,-0.33774919,-4.55656929,2.02294767,0.7074006,-0.81693098,6.68696053,0.49409474,0.21014614,-0.25625356,2.03102385,-3.28811449,3.20813491,0.74341543,-1.36910214,0.80500486,-0.36667547,-2.9545616,-0.29174189,-3.69324053,0.52288614,1.96477899,0.45929801,-0.58775982,0.54536407,0.10423278,-0.9289545,0.70971305,-0.350164,0.17466862,1.18945142,-0.13029362,1.07728879,-5.28584005,-4.38591197,0.5790317,3.73024096,-0.868126,2.86618412,0.71966368,-2.20006178,-0.44358796,0.17385386,-0.96908838,0.0659756,0.2642107,-1.08094187,-0.53304478,0.21341438,-0.95062678,-2.52752534,-2.02108403,-2.81612141,3.21041601,0.27472062,0.77772451,0.76874363,2.33760867,1.33926649,0.73170513,1.609479,1.42573156,0.43426512,1.05444871,1.16599199,0.90313375,1.3048962,-0.45529542,0.07460003,-0.17456344,-0.25557917,1.50423522,-1.42511509,-0.13922023,0.52593659,1.1874629,-1.37887384,0.38043953,-0.89959072,0.58650217,1.14414884,0.10926025,-0.65214197,-0.31899001,0.31294887,2.05107519,1.68338762,-2.33753866,0.20574329,2.11267703,1.11999404
0.06082697,1.95576662,0.44334495,-0.36352973,1.87126206,0.4485175,1.05330214,1.10679124,1.15385493,0.18448933,-0.63812438,2.73923869,-1.59657498,0.42380525,1.75754526,0.1327598,1.26856683,0.77781536,0.75860617,1.37696885,-1.14086079,-1.72012554,1.44480332,2.49675945,-0.69362205,0.41540386,-0.10132734,0.87152491,2.98926313,-0.33612353,0.47400571,-0.25984839,1.23653309,0.95786107,-0.43283801,-0.64690522,0.14155074,3.06440822,0.35272637,1.2228202,2.06390129,1.50411568,0.20686653,1.33744791,-0.37053273,1.62305931,1.27080384,1.30976629,0.69102504,0.33144654,0.89310082,2.36036037,1.11351164,0.45948554,-0.59936145,0.11325236,0.14859958,-0.06861972,1.38033881,0.41554421,2.15313704,1.47300721,0.9670178,1.44845073,0.12855461,0.11070866,0.7478491,0.58525288,1.55820448,-0.49107195,0.26286515,0.3090725,0.7154051,0.74485414,0.09732142,1.58746117,0.96064102,1.23746582,-0.10701686,0.70673136,0.13986148,0.20014072,0.78366764,0.22629306,1.94279084,0.63682947,0.12492386,-0.54388652,0.49429179,0.19339711,0.78416157,0.92818446,-0.08997329,-1.45459888,1.21606342,0.98476074,1.39682583,1.18860734,1.02487895,0.817888,0.28918092,1.09255809,1.80146855,-1.07129397,-0.2572905,0.37797705,1.11364181,-0.09666705,-0.14147666,0.09508245,1.02720286,0.72151013,0.74318631,0.17999281,1.29970044,1.34759964,0.55932477,1.14337362,1.33918331,0.48368812,-0.31498232,1.80210113,0.79098871,0.75098327,0.74298162,0.59093994,1.04561809,0.65261569,1.21611528,0.595769,-1.1120684,-0.74081943,-0.31466111,-0.2027064,0.33441036,4.25766783,-1.15394441,1.62116133,1.31915598,4.37732065,3.62305183,0.80630693,-0.74829697,0.97246668,1.19776911,0.11462529,1.09492215,5.01874067,1.14292615,-0.22037521,0.16196294,2.6798547,0.21067575,1.00541956,0.35094186,-0.3842548,1.39059319,0.15752731,0.71518299,-1.84115637,1.17210165,-0.1631156,0.56385066,1.26263399,1.46717807,1.38450392,-0.28245372,-4.23245179,2.09542491,0.41860268,-0.65735619,7.42652893,0.59824138,0.23954096,-0.17451419,2.01665164,-3.31175867,2.82923572,0.44941178,-1.50211616,0.60817898,-0.41355016,-2.94883243,-0.265814,-3.60607678,0.44911012,1.74807198,0.31637953,-0.61224561,0.60031618,-0.04588519,-1.03382749,0.20341054,-0.74792857,-0.16615752,1.18441261,-0.1168906,0.73125679,-4.74146005,-4.33643786,0.68457655,3.741331,-0.61590127,2.8006818,0.86823793,-2.05782963,-0.6049682,0.1404298,-1.2615722,0.60975774,0.10349185,-1.18069722,-0.55838088,0.29176408,-0.38992865,-2.50028717,-1.88095713,-2.81063488,2.52968005,0.2492516,0.94634352,0.65268468,2.36725652,1.4004324,1.41318556,1.05316779,1.33696836,0.2615045,0.98849302,1.18908498,0.90093597,1.36228575,-0.59122224,-0.11578435,0.27928632,-0.08515675,1.84325822,-1.44788138,-0.10426372,0.39925324,0.99636663,-1.42050529,0.35283823,-0.73603008,0.26848203,1.12894034,0.16626917,-0.63515944,-0.0970732,0.30270222,2.1913606,1.69051325,-2.26307773,0.61506261,1.80287854,1.01569317
0.06146,1.93085904,0.37746957,-0.36966622,2.00150415,0.38411986,1.00375731,1.11701224,1.02354168,0.26615958,-0.60308374,2.79005725,-1.50707389,0.52518347,1.8197043,0.17095873,1.22837679,0.82050292,0.41876666,1.23696665,-1.03452612,-1.7269159,1.47194036,2.50834071,-0.74774372,0.45484332,0.02905851,0.34304516,2.65002115,-0.08669598,0.34448408,-0.13968882,1.21119198,0.86961548,-0.46325889,-0.66574906,0.04138631,2.93175016,0.32247801,1.28346628,2.06255998,1.44940073,0.23359598,1.30959394,-0.34889233,1.69698979,1.35701104,1.29121737,0.65982152,0.27052759,1.01879105,2.42762226,1.11142544,0.49161915,-0.60878298,0.17908333,0.42756232,-0.0000794,1.284162,0.49082308,2.34908262,1.55683511,1.03948122,1.34821786,0.14377444,0.13797313,0.76013476,0.56180073,1.47766464,-0.43126211,0.34870518,0.32127507,0.76284404,0.72902149,0.10241074,1.3774358,0.84653074,1.21320272,-0.09247377,0.74081233,0.24626905,0.16374829,0.74708331,0.19575989,1.93300426,0.61372362,0.105228,-0.52371966,0.32336792,0.25859461,0.81195885,1.05185679,-0.02791035,-1.35102284,1.0785481,0.93581113,1.46085029,1.18197119,0.89849268,0.81858136,0.43739078,1.12031762,1.89613181,-1.07155511,-0.10595443,0.59927807,1.17806013,0.03773979,-0.08867421,-0.0778527,1.05823468,0.7276903,0.7999787,0.10901856,1.2245255,1.37541519,0.63129816,1.18717511,1.31457824,0.62136158,-0.2821342,1.9466833,0.77224384,0.67049187,0.76308318,0.59717583,1.16629603,0.74029757,1.09212852,0.68387721,-1.13177567,-0.18431035,-0.1750175,-0.19960143,0.38391332,4.45818979,-1.00532305,2.21080992,1.35907244,4.42507765,3.19555855,0.42230135,-0.65247219,0.97173411,1.53739362,0.07800041,0.97830365,5.16975979,1.21313859,-0.28120516,0.20696286,2.44987728,0.25811042,1.08500846,0.25807046,-0.48264678,1.45885323,0.04176333,0.77986273,-1.83974687,1.47146134,-0.0184102,0.61123751,0.96244448,1.49419485,1.34811605,-0.26257414,-4.4326706,1.98867828,0.87170736,-0.69068727,6.74187694,0.72320453,0.33449435,-0.25345316,2.03591326,-3.4561556,2.62400863,0.49756715,-1.38708444,0.58272675,-0.40011279,-2.89711434,-0.03309409,-3.67001319,0.50064886,2.17488483,0.4225721,-0.63299018,0.55859629,-0.09369551,-0.96371008,0.40338314,-0.63507129,0.03907064,1.39683332,-0.14348579,1.07529024,-5.25741445,-4.3716038,0.95499385,3.70908526,-0.66409568,2.75665383,0.79056232,-2.13787751,-0.62588898,0.1448429,-1.20992573,0.38343172,0.07177773,-1.02094655,-0.41794761,0.22993809,-0.74825938,-2.49380888,-1.95754253,-2.82028828,2.68371849,0.22519511,0.87961321,0.74741319,2.31571927,1.33585849,1.43736945,1.0905273,1.43210544,0.44077556,1.00509729,1.29445153,0.99409379,1.49022774,-0.52415966,-0.0197545,-0.07110178,-0.06945507,1.91883619,-1.44996975,-0.21577797,0.52703179,1.02801513,-1.45235219,0.41883652,-0.80528002,0.09431367,1.18906124,0.21369845,-0.56166373,-0.25930199,0.33150253,2.18869863,1.72715044,-2.28816423,0.25766617,2.06137644,1.25810196
0.1123672,1.75126935,0.3461847,-0.33631687,2.03183855,0.30765217,0.98969509,1.16030575,1.04789772,0.28870886,-0.5966623,2.71699368,-1.62205631,0.5217412,1.87176854,0.16708944,1.15624929,0.73611636,0.5255286,1.25970231,-1.05813202,-1.99361928,1.44008767,2.43866184,-0.7016476,0.39275394,0.12208197,0.71784092,2.77345529,-0.34573144,0.43549638,-0.26616,1.17029562,0.74147332,-0.23852467,-0.66283052,0.05159806,2.94917531,0.47824456,1.23505757,2.06021923,1.46754958,0.25787784,1.31503155,-0.3742495,1.77902098,1.23135301,1.30101905,0.68543129,0.2679883,1.0720456,2.34787124,1.12388648,0.42879895,-0.79581873,0.09603741,0.22269354,0.16484284,1.45303779,0.46886713,2.43988444,1.39269772,1.11050995,1.37908743,0.14564495,0.08025428,0.78939331,0.55412725,1.49517926,-0.36169208,0.26052302,0.16690987,0.64748913,0.68282476,0.05633805,1.49414295,0.93390984,1.25791651,-0.1127878,0.76349977,0.11039103,0.22014137,0.81324456,0.21533527,1.78003112,0.64943945,0.09228622,-0.63690943,0.30794709,0.36974692,0.79662613,0.92211271,-0.17342904,-1.40999428,1.02895849,0.8897104,1.38330821,1.14176424,0.86404721,0.87921596,0.33005943,1.13728019,1.8056737,-1.01545271,-0.17836735,0.5393968,1.14790135,-0.05353978,-0.15741162,0.0661807,1.07056397,0.77881296,0.64639663,0.29628898,1.27065351,1.3386039,0.73017087,1.28704605,1.35503692,0.19609037,-0.35199977,1.83322378,0.88176413,0.78198227,0.75051377,0.61259805,1.15807319,0.60429994,1.14934978,0.64228664,-1.15801153,-0.15911138,-0.24133648,-0.11764568,0.12078427,4.79043261,-1.11585566,1.58696138,1.53971114,4.04846411,3.06831789,0.81439497,-0.81140557,0.96840986,1.16793177,0.15110831,1.00590026,4.95407046,1.1797329,-0.23263251,0.06890613,2.50843157,0.17978736,1.04388535,0.3941703,-0.38798339,1.23317921,-0.05214454,0.74276095,-1.85644339,1.20188554,-0.07001453,0.65685076,1.13687779,1.52953395,1.43767204,-0.31562234,-4.56377965,1.9020312,0.46615917,-0.98870767,6.60850858,0.77520562,0.24683225,-0.304448,2.30135837,-3.37388363,2.64948973,0.63425888,-1.42757525,0.91363475,-0.47752133,-2.93102325,-0.08277596,-3.65284,0.4571941,1.93413041,0.39227427,-0.64664801,0.56601812,-0.05788586,-0.95322657,0.51944198,-0.63416243,-0.02626558,1.58967002,-0.13529553,1.15604819,-4.80510062,-4.38549019,1.14029279,3.88679646,-0.76571835,2.55416522,0.75275494,-2.09735637,-0.39761663,0.14771687,-1.18131839,0.12835189,0.21397948,-1.25840743,-0.53003156,0.13941007,-0.81147097,-2.48919547,-2.02247906,-2.80655464,2.64573912,0.24451069,0.76133827,0.63132982,2.23277141,1.36339648,1.08040163,1.08500019,1.51827782,0.37702293,0.93278973,1.43196498,0.85333951,1.28080061,-0.29205123,-0.21514079,-0.14152895,-0.07862943,1.35692092,-1.34698046,-0.09086889,0.59468911,1.00641071,-1.45879704,0.7978332,-0.7702258,0.38329059,1.14253518,0.16756945,-0.54894064,0.08860513,0.31631336,1.96176022,1.7221178,-2.29872597,0.29277555,1.78798393,1.16802288
0.11542858,1.81756044,0.27333789,-0.33076628,1.98703258,0.49901124,0.93571283,1.13664172,1.12285939,0.27277161,-0.57859796,2.62407647,-1.42477701,0.50523651,1.99544807,0.14627594,1.20479334,0.80731541,0.35224284,1.38390457,-1.03295386,-1.84152796,1.4871578,2.45295263,-0.69882556,0.29588256,0.07326895,0.32745808,2.84825755,-0.35246877,0.4558091,-0.16434206,1.15819409,0.62426558,-0.4339882,-0.68128884,0.08043407,3.3606451,0.33890065,1.27093552,2.12140567,1.24822569,0.32159186,1.313579,-0.34303292,1.84199237,1.33868866,1.28398964,0.69369505,0.26522134,0.97465971,2.22048406,1.11650966,0.49445106,-0.52278956,0.17556123,0.34834535,0.12593896,1.40106125,0.46946637,2.34080733,1.40738998,0.98149856,1.23537331,0.13968529,0.17513109,0.88075665,0.4944143,1.43439803,-0.31521728,0.3978705,0.28796805,0.93504746,0.92227948,0.11617378,1.49073718,1.04673934,1.25112751,-0.18402149,0.6337874,0.19855143,0.18628581,0.73034357,0.25965786,1.99387937,0.76105516,0.14814287,-0.46537247,0.3839876,0.26737521,0.81135648,1.01679248,-0.07456406,-1.35362324,1.1776661,0.8857827,1.43043067,1.12616212,0.87081294,0.88521151,0.44599514,1.19305391,1.82501298,-1.11437245,-0.25909414,0.73556844,1.14351753,-0.06799832,-0.05064781,0.08757516,1.00234011,0.65482041,0.64052786,0.15226315,1.37384735,1.24678108,0.76601021,1.28608118,1.31287688,0.59052966,-0.27811565,1.7718548,0.8648973,0.72189209,0.88494822,0.67589917,1.13901997,0.68018567,1.0408491,0.90044259,-1.11029678,-0.30486355,-0.23861841,-0.03796438,0.18499067,4.65057036,-1.0342834,1.86264802,1.4526742,4.19518267,3.51489939,1.21346362,-0.67689702,0.99508139,1.17191599,0.09909088,0.95108695,5.17773275,1.15819623,-0.24390442,0.12355461,2.67074023,0.20261096,1.06518208,0.28159804,-0.34531123,1.35708231,-0.00377519,0.58791927,-1.83575551,1.39109723,-0.04466196,0.58325525,1.24449541,1.53803036,1.51686009,-0.28344877,-4.37386584,2.07625301,1.10066287,-0.76411456,6.80284252,1.07924195,0.19601428,-0.25829109,2.06947804,-3.52145957,2.73997565,0.60948013,-1.46165463,0.84590163,-0.27034002,-2.97708173,-0.14025394,-3.67957627,0.51501493,2.01442636,0.43713831,-0.55931797,0.60525912,0.03349651,-0.93303563,0.71225318,-0.70367238,0.04755287,1.35398376,-0.13876623,1.48406692,-5.15943009,-4.37163638,0.66559389,3.65726598,-0.81171547,2.74952696,0.76426397,-1.83998872,-0.49970733,0.0885633,-1.02742731,0.47244578,0.09254946,-1.15100388,-0.44393302,0.21194305,-0.77945757,-2.37118636,-1.98558473,-2.81598957,2.97550286,0.24290211,0.87780917,0.73226071,2.2604194,1.34382029,0.95780159,1.28639728,1.40567947,0.43153773,1.05351331,1.39575422,0.99389945,1.50521457,-0.36215,0.01266499,0.10882225,-0.01682154,2.20896738,-1.41986231,-0.19812495,0.43347899,1.27302482,-1.40211878,0.76499447,-0.60354244,0.12589117,1.18046984,0.18763061,-0.60843044,-0.25448722,0.3206209,2.3230867,1.69686679,-2.42641149,0.29785917,2.07145374,1.0610178
-0.01579651,1.81943829,0.3166386,-0.28679568,1.90597611,0.48293933,1.03343238,1.26390754,1.00897867,0.27810253,-0.65079208,2.8035512,-1.57764706,0.57340376,1.99969822,0.16809093,1.10536991,0.87340434,-0.00886515,1.37853716,-1.03245601,-1.81676009,1.46743945,2.42636984,-0.68815268,0.2692837,0.0309079,0.60974176,2.85686547,-0.06764537,0.42084892,-0.20324001,1.12993112,0.59277289,-0.51285529,-0.68770686,0.02603428,2.97688533,0.44024505,1.22804655,2.04034779,1.18847045,0.35938288,1.41805638,-0.42829687,1.82978891,1.21646743,1.42964331,0.69440629,0.22633309,0.967997,2.06088733,1.13035972,0.33969179,-0.58952265,0.03117451,0.25612243,0.00656702,1.38489886,0.49923772,2.49757698,1.39043112,1.05935984,1.36544486,0.14407458,0.06118962,0.74537763,0.54933224,1.51679582,-0.26807221,0.34434072,0.26097973,0.6978849,0.83036892,0.08549223,1.49831116,1.03221957,0.8847481,-0.28196102,0.76579656,0.08950956,0.27831227,0.7796392,0.16518233,1.95001427,0.75016278,0.16904789,-0.62465459,0.26925242,0.11780558,0.75288265,1.15027317,0.05232194,-1.29214699,1.15421406,0.81140263,1.4594125,1.10317247,0.80021842,0.69413798,0.48938254,1.17655526,1.80061848,-1.11173351,-0.2153899,0.63616331,1.14838596,-0.03152549,-0.15820747,0.10548234,1.10113575,0.75943787,0.79967495,0.21372475,1.31513315,1.34342088,0.83517152,1.17198338,1.39733718,0.41843552,-0.43744826,1.85210524,0.90635982,0.833929,0.75640724,0.49951343,1.20668041,0.53027228,1.03879639,0.68604644,-1.14505588,0.02407814,-0.31748499,-0.33119478,0.39412578,4.61562193,-1.02466883,1.67858079,1.42751184,4.21700767,3.61643788,1.20125307,-0.92128313,0.95027761,0.97570807,0.19710087,1.06191647,4.68854091,1.36551212,-0.20727526,0.1274558,2.65764158,0.20438679,1.13049052,0.22097393,-0.49272902,1.63561459,0.08672712,0.97333518,-1.77791604,0.80361144,0.07407678,0.47326476,1.04022085,1.63259053,1.42868336,-0.33630086,-4.25601487,2.03899482,0.68711888,-0.74355712,7.04491193,0.37288041,0.194781,-0.32513766,1.95563356,-3.53655685,2.88178007,0.78384561,-1.47881516,0.46913218,-0.24892225,-3.02886538,-0.15852276,-3.61060701,0.62801805,2.2759918,0.51692868,-0.56496542,0.66009737,0.0044803,-0.931066,0.15691783,-0.52486029,0.12161297,1.29271575,-0.1404473,1.16292771,-5.12222541,-4.41910199,1.1868661,3.79250684,-0.74117052,2.46064346,0.67083012,-1.96232306,-0.49205204,0.1297054,-1.17963092,0.05749197,-0.10555479,-1.07887923,-0.52291099,0.23389892,-0.94490572,-2.48695269,-2.01872278,-2.81614159,2.83368599,0.22622105,0.74495464,0.84614592,2.36481095,1.3421587,0.83065564,1.25130244,1.51500417,0.50692049,0.92139341,1.23106705,0.94991889,1.3986522,-0.46209068,0.2122787,-0.02004973,-0.16862438,1.52560575,-1.31480219,-0.17427019,0.48137499,1.13565872,-1.42253409,0.18745788,-0.75189379,0.33495671,1.13568484,0.17108139,-0.63165829,-0.31316856,0.23854021,1.85533532,1.67589365,-2.24475738,0.41408003,2.00274575,0.83674197
0.0518276,1.82333864,0.25751307,-0.21970252,1.76957273,0.49221441,1.16295596,1.12382023,0.97866795,0.40855503,-0.60440329,2.71874588,-1.54799788,0.54746224,1.74441359,0.16559995,1.18163897,0.8237585,0.35508954,1.35197475,-0.95829122,-1.80746707,1.47903367,2.53036214,-0.62680842,0.31889312,0.14525861,0.80808487,2.88625193,-0.17159411,0.36978921,-0.29869363,1.17482554,0.67750946,-0.516085,-0.6931194,0.08887654,3.20512683,0.34220516,1.25136753,2.17930778,1.47603676,0.22855898,1.24436348,-0.37168913,1.47087832,1.39984436,1.17668347,0.75208598,0.33250839,0.88263224,2.30886122,1.06631254,0.47454371,-0.5921417,0.14864162,0.24089946,0.20759847,1.43884994,0.53023362,2.38432866,1.43325539,1.12126355,1.32447702,0.16847078,0.1621225,0.82309387,0.54466504,1.5296928,-0.25999616,0.49480634,0.3777712,0.7628927,0.65009664,0.10498339,1.34906382,1.12983581,1.26380441,-0.05467854,0.63048232,0.2200236,0.2027647,0.77884903,0.25239023,1.91683681,0.70120151,0.14900768,-0.64748698,0.36261797,0.32982981,0.74338396,1.00500005,-0.02625871,-1.48318248,1.20719062,0.96359557,1.34177104,1.20804575,0.935991,0.9399674,0.43154588,1.15902067,1.76235082,-1.04934945,-0.1654644,0.59542494,1.17892088,-0.01380083,-0.1823124,0.08560005,1.02299705,0.42262327,0.41978576,0.25074697,1.41545036,1.30111547,0.68326075,1.2151082,1.33848267,0.59284255,-0.3591145,1.83387129,0.87086611,0.73382124,0.81878037,0.63329364,1.14291225,0.44596577,1.12998651,0.70309297,-1.1100373,0.06271755,-0.2743446,-0.03317267,0.00225512,4.60734473,-1.09113689,1.67609346,1.42741329,4.42616962,3.15613832,1.2993207,-0.83638695,0.96629165,1.25666504,0.15539683,1.07872259,4.7801129,1.30494883,-0.34547489,0.22031516,2.70683339,0.11678773,0.88120428,0.45670558,-0.32832495,1.62477572,0.17342235,0.72295368,-1.87715055,1.24735797,-0.19408643,0.67121793,1.2267407,1.54702814,1.46879626,-0.26666236,-4.61302959,1.6948354,0.86776772,-0.73173971,7.09047788,0.64718389,0.17348593,-0.283597,2.04620519,-3.22431161,2.83729901,0.84575973,-1.48556981,0.9228928,-0.35868511,-2.89226276,-0.08006676,-3.63633944,0.35542895,2.31156029,0.38337086,-0.61398887,0.55525419,-0.10106893,-0.84863406,0.41454496,-0.68737741,0.00357085,1.02426919,-0.16127973,1.07180948,-5.09469766,-4.37478926,0.15428502,3.77571914,-0.79274686,2.80129297,0.7840703,-1.93270598,-0.4590958,0.15984474,-0.72583749,0.24351119,0.5316677,-1.16651551,-0.44779447,0.37706763,-0.67219643,-2.56670914,-1.95045829,-2.81448501,2.63991539,0.22641106,0.85477503,0.85078296,2.47296625,1.29836618,0.96316648,1.24470308,1.57185154,0.41856897,1.02909615,1.19560928,0.86490485,1.26866231,-0.42144514,-0.07872991,0.04446424,-0.11851179,1.64752598,-1.28047277,-0.12232501,0.6294811,1.08680054,-1.4030162,0.45297346,-0.73528701,0.41307786,1.1631096,0.20423516,-0.60670163,-0.06397878,0.32894572,2.05430947,1.66233492,-2.25545544,0.64365188,2.21995196,1.06669212
0.05503417,1.87466397,0.42667619,-0.32455578,1.85890446,0.37806108,0.83706324,1.13852557,1.07892609,0.36889575,-0.68475932,2.87397502,-1.52178763,0.47966048,2.02095563,0.15543033,1.04127496,0.85302869,0.29287985,1.45399156,-1.12038937,-1.8463382,1.44238304,2.43757311,-0.77070479,0.34476005,0.07997931,0.52075443,2.75173414,-0.04275645,0.36794325,-0.21880214,1.05792318,0.75900872,-0.48354134,-0.72925436,0.02897553,2.96696541,0.51735482,1.17142581,2.11733996,1.58696278,0.28762239,1.31049247,-0.45355491,1.43387176,1.34767603,1.30017763,0.65881725,0.15690212,0.97149969,2.28697566,1.10466989,0.52684304,-0.58446835,0.11817753,0.3322552,0.14365207,1.46925167,0.45703042,2.19713107,1.4920984,0.96734502,1.41384178,0.1452348,0.13788781,0.82219287,0.5265112,1.53876626,-0.22381324,0.39018244,0.32309438,0.77904965,0.71015175,0.07474618,1.51085785,0.99753875,1.18944666,-0.23670565,0.76580522,0.18633279,0.21760449,0.71931181,0.12377907,1.89502185,0.71480869,0.19149583,-0.49482665,0.18703958,0.2116723,0.82742478,1.06465999,0.00537985,-1.67199643,1.00252304,0.83375177,1.46374471,1.16353881,0.7599888,0.89540968,0.49369467,1.16908871,1.74410938,-1.08980775,-0.11943383,0.66253661,1.17155052,-0.11349826,-0.16329491,0.07695857,1.06298,0.57720702,0.60335486,0.27742935,1.38565648,1.42977905,0.6394525,1.27815699,1.37832145,0.4478621,-0.41429168,1.75027059,0.79625856,0.74200403,0.71715911,0.5975312,1.09084427,0.73627508,0.96562965,0.62871842,-1.17435266,0.02758102,-0.10993988,-0.1917035,0.32055242,4.28530221,-1.18123837,1.83931512,1.37381435,4.40093141,3.28583137,0.68344783,-0.66035911,0.95128064,1.2899285,0.0896344,1.19211026,5.67194231,1.10622062,-0.24624535,0.24180281,2.6272943,0.2843093,1.14670047,0.33400965,-0.27228162,1.27805899,0.00612446,0.91959174,-1.88638759,1.19592859,-0.05358895,0.58540173,1.2356171,1.56290032,1.41513154,-0.29995759,-4.58791042,2.12002116,0.59488893,-0.81368188,6.92576663,0.63671766,0.26588584,-0.34476195,2.08773196,-3.08866139,2.73347035,1.00517631,-1.31866199,0.99416452,-0.38280918,-2.84677839,-0.13819773,-3.67834474,0.52592473,1.87229612,0.28852766,-0.5796473,0.62285917,0.04511958,-0.89210627,0.27390313,-0.85185755,0.16431479,1.42312617,-0.10273211,1.39102984,-4.8063934,-4.40993182,0.31634631,3.73276514,-0.8266954,2.73267044,0.67073529,-2.06068519,-0.67117734,0.07413354,-0.96402017,-0.01938366,0.15722322,-1.16602183,-0.42639918,0.07596689,-0.99858512,-2.51981528,-2.06071332,-2.81361989,2.97141356,0.24876652,0.72804863,0.42847463,2.49405353,1.32234831,1.37810312,1.58066593,1.48960929,0.34808688,0.96175526,1.37314759,0.94871066,1.51292376,-0.34455804,0.03201162,0.20046175,0.01475162,1.50643101,-1.43551745,-0.1438663,0.48875137,1.08466217,-1.4538904,0.25179124,-0.66437937,0.24032604,1.18283564,0.18651966,-0.62977042,-0.36898593,0.32768543,2.0011884,1.69827188,-2.32431728,0.06437559,2.07276373,1.19029761
0.03206133,1.80215387,0.32011834,-0.31268385,1.88686029,0.34343541,0.94079699,1.24590248,1.1305631,0.28327288,-0.65873144,2.73264489,-1.47673199,0.61813789,1.87265141,0.18583644,0.97775597,0.97422799,0.29071962,1.25056591,-1.13478653,-1.7948036,1.39299951,2.4292484,-0.67730278,0.40108701,0.01888347,0.25595607,2.77240819,-0.3259811,0.33117468,-0.21560907,1.19174271,0.65475088,-0.47273375,-0.67044492,0.05597353,3.1989707,0.38111977,1.1341575,2.11063669,1.40240338,0.34043339,1.38626282,-0.48734017,1.60901398,1.32876792,1.36196546,0.71565982,0.09965349,1.02994718,2.51494368,1.11334247,0.46076313,-0.56033722,0.10878463,0.40500057,0.06667341,1.52023359,0.44404831,2.43943454,1.54322596,0.95622768,1.38210386,0.14395992,0.22259986,0.754038,0.46905997,1.51912757,-0.2627665,0.51086083,0.38234785,0.7134957,0.65950048,0.16262544,1.52829255,1.0561236,1.01057949,-0.12512405,0.68993197,0.19952522,0.22263961,0.78357658,0.10862056,2.16041,0.69287352,0.13817731,-0.55979192,0.25383075,0.18177711,0.7961489,0.96555742,-0.21616119,-1.4353466,1.02881246,0.90357823,1.40929575,1.1444072,0.796643,1.06635759,0.4287398,1.1179568,1.94382044,-1.03520793,-0.18813849,0.51198165,1.15501553,-0.05992105,-0.13945749,-0.00086517,1.11344458,0.70216004,0.42438187,0.34319725,1.3607531,1.21036434,0.79923399,1.27211083,1.49479884,0.40108273,-0.27190351,1.84571864,0.86994639,0.87347426,0.67373837,0.57740204,1.17067695,0.65195085,1.28461225,0.52683994,-1.15780969,0.12278204,-0.1070484,-0.15305029,0.66647562,4.46484394,-1.08284188,1.90714685,1.43513687,4.38192256,3.46148188,0.74243115,-0.7134854,0.97597219,1.34068113,0.11500475,1.13857225,4.84153108,1.30009987,-0.3191227,0.14728086,2.49500408,0.21235424,1.01971711,0.33907896,-0.40823181,1.44082476,-0.06700651,0.75332287,-1.77617927,1.17477347,0.0822051,0.62764755,1.28206421,1.60446003,1.37217093,-0.3491573,-4.79659566,1.96169571,0.94997477,-0.72905749,6.7267476,0.26791997,0.17231979,-0.32923004,2.01023452,-3.50760163,2.88625111,0.67506901,-1.3567337,0.62716579,-0.37127639,-2.92156635,-0.1074413,-3.65808424,0.40033028,1.89153781,0.46065662,-0.69101872,0.61127897,0.13415159,-0.97149986,0.35960191,-0.69256498,0.05369444,1.32498006,-0.13826293,1.39454801,-5.21800133,-4.38708134,0.13265904,3.80384451,-0.69965981,2.86187654,0.70959215,-2.04878932,-0.72180017,0.22829667,-1.04100088,0.1437552,0.13488212,-1.01844493,-0.47524072,0.26048645,-0.96208969,-2.41347151,-2.04105148,-2.81534103,2.6087513,0.22898564,0.79992309,0.78103061,2.35726591,1.28628457,1.07337208,1.57010581,1.45864999,0.35488546,0.87624126,1.031691,1.05018579,1.43904205,-0.52146432,0.04460565,0.2216495,-0.09475659,1.33779932,-1.29739271,-0.20724372,0.61549229,1.122859,-1.37341907,-0.00340073,-0.74274278,0.17847155,1.18048163,0.23582743,-0.5496702,-0.02004064,0.26322069,2.02817226,1.70329414,-2.3498857,0.55257708,2.08950354,1.06694708
0.01001715,1.89634263,0.25889876,-0.35634264,1.96984418,0.40187257,1.0657183,0.99480513,1.12041743,0.2780239,-0.65872386,2.62710135,-1.50090144,0.58784891,2.08808173,0.16450427,1.29699248,0.88107509,0.242086,1.26515982,-1.05881381,-1.8027136,1.49760689,2.46040996,-0.77969551,0.41094048,-0.09862984,0.25283212,3.09246652,-0.13024639,0.48897914,-0.31816668,1.18006524,0.80172866,-0.33068494,-0.58839696,0.13885928,3.11042804,0.43600425,1.23999219,2.11041259,1.43467407,0.23455412,1.30853329,-0.34991245,1.56660396,1.27392294,1.39498154,0.7318324,0.35812441,1.19359601,2.3450425,1.10903757,0.48250305,-0.61420324,0.06367109,0.3267603,0.06547682,1.44886119,0.4344432,2.53722021,1.63243374,1.01966182,1.42131124,0.13860901,0.11169575,0.79773087,0.51061087,1.47016336,-0.341988,0.44735855,0.44813141,0.85893406,0.83792332,0.09293187,1.42008633,1.18205445,1.04998997,-0.08165674,0.72509043,0.18299163,0.12571363,0.74332179,0.26774698,1.9579495,0.63985659,0.06347848,-0.62653778,0.46988075,0.15253893,0.77207743,0.93265316,-0.19571759,-1.34223398,1.01448599,1.02083602,1.37329583,1.17437449,0.95210362,0.82125714,0.34440527,1.13969268,1.71999861,-0.95529258,-0.10718878,0.56637364,1.15261916,0.04735859,-0.1373208,0.02720239,1.07697082,0.69006228,0.70670868,0.1363235,1.49504114,1.34041507,0.94846207,1.2295266,1.26918615,0.43200413,-0.23314596,1.83154549,0.90413636,0.78066971,0.72458236,0.6800974,1.2706216,0.55628411,1.18303481,0.4283115,-1.13621402,-0.244218,-0.22015463,-0.0512846,0.32089174,4.76867923,-0.99767661,1.9486119,1.59457167,4.29120817,3.14003682,1.00453692,-0.82586946,0.94911887,1.04415543,0.04763444,1.0819601,4.42882912,1.25826755,-0.29562086,0.18731317,2.46601889,0.18127899,1.09053973,0.4488348,-0.55195755,1.25752456,0.04026646,0.72229134,-1.85955887,1.4885223,-0.06691116,0.70231991,1.32550002,1.4833238,1.24556478,-0.28472919,-4.79549795,2.10089429,0.628255,-0.86416281,6.80879233,0.44228774,0.18815693,-0.14691193,1.89473574,-3.3940197,2.95465708,0.82602099,-1.50417934,0.56502441,-0.33476257,-2.92755933,-0.11893653,-3.67587964,0.50800578,1.85531887,0.38743861,-0.39333141,0.58238724,-0.00211178,-0.85810034,0.60344255,-0.78976082,0.1523488,1.2510169,-0.12367447,1.11898924,-4.96754315,-4.35042948,0.68558583,3.78390903,-0.77966262,2.51657878,0.82297361,-2.18685679,-0.63121042,0.19001847,-0.9497314,0.56641926,0.41230986,-1.12788742,-0.62432126,0.31596824,-0.6524395,-2.45995466,-1.9408838,-2.81625392,2.85778032,0.20662916,0.90117869,0.76525395,2.2502757,1.47969311,1.17230567,1.54294117,1.7045689,0.35010174,0.94973188,1.18954173,0.86461529,1.51466965,-0.41294541,-0.05361305,-0.11557436,-0.10352201,1.65561524,-1.36985571,-0.0907944,0.63713802,1.01683681,-1.39288191,0.61370918,-0.73038972,0.26179458,1.15459666,0.20392797,-0.41022752,-0.11986496,0.32413105,2.19673879,1.70775615,-2.30236299,0.63946096,2.0304929,1.11073069
0.05872194,1.77807139,0.21939054,-0.34112519,1.97188212,0.31523973,1.04110337,1.13532488,0.92600631,0.24340822,-0.60548412,2.68654118,-1.48380766,0.5607408,1.88865303,0.19405746,1.23211469,0.79183456,0.26507647,1.42636737,-0.95505117,-1.93923002,1.47719831,2.53206665,-0.69841813,0.30523501,-0.0166184,0.52435213,2.97163989,-0.12166366,0.32702881,-0.08928792,1.33909715,0.88754141,-0.44462932,-0.65754016,0.03996148,3.07077602,0.47475053,1.23044376,2.11912791,1.34113676,0.30338834,1.44743234,-0.47198596,1.71300522,1.29490377,1.41623771,0.69986403,0.10013904,0.95020215,2.14147861,1.10678686,0.56595169,-0.59842316,0.16873861,0.38826086,0.0955544,1.47110813,0.48237722,2.32279885,1.52659663,0.93221989,1.34923203,0.1519184,0.05428031,0.73065992,0.43657491,1.49526521,-0.24138726,0.35921238,0.2648351,0.74520278,1.02741757,0.12223736,1.40637469,0.97354654,0.92910173,-0.13085583,0.78812072,0.16756336,0.23470429,0.80262294,0.17729174,1.79093901,0.60883059,0.16386626,-0.53711055,0.26802989,0.25995104,0.78118904,0.97094275,0.0705993,-1.4086522,0.8352269,0.86314452,1.39604063,1.10824619,0.72905341,0.72796401,0.3671606,1.09886609,1.78873247,-1.06302214,-0.17468452,0.59560993,1.20910442,0.08590841,-0.15984825,0.04585174,1.08543644,0.69256164,0.59147158,0.34038058,1.35001609,1.33543349,0.75932216,1.13435306,1.49814663,0.32232027,-0.35659855,1.91333677,0.92565772,0.69238432,0.72136994,0.58542581,1.29584197,0.57856323,1.04512211,0.88963995,-1.22117707,0.14857578,-0.25448567,-0.18265507,0.48034367,4.57498755,-0.9646306,1.68296332,1.48931078,4.24531799,3.71775476,0.74542764,-0.91079448,0.94551875,1.03140078,0.09170445,1.25319725,4.98948769,1.25017237,-0.32715557,0.14670341,2.48241522,0.17705969,1.01115591,0.29478579,-0.39423294,1.41343955,0.07619265,0.96914658,-1.81775223,1.41125342,-0.19960706,0.44679989,1.2868591,1.45885433,1.45526135,-0.25976542,-4.30441232,2.02670072,0.62464527,-0.74779575,6.81513099,0.5249858,0.19489142,-0.39024942,2.1154845,-3.27142134,3.08031977,0.93131632,-1.44251371,1.11751855,-0.28134651,-2.87418961,-0.15508611,-3.72147343,0.69795455,2.14767222,0.35402502,-0.69508455,0.58089242,-0.00198058,-0.97838937,0.26614964,-0.91397008,-0.09326603,1.52943368,-0.16198874,0.99870181,-5.14468182,-4.39869053,0.59300134,3.77653586,-0.80024676,2.7874048,0.65167767,-2.02246963,-0.39576094,0.05096949,-0.8115924,0.01366562,0.20511234,-1.13023929,-0.55882423,0.15685395,-1.09347153,-2.44060729,-2.06743886,-2.82104428,2.58268409,0.20406664,0.72761784,0.76399997,2.40447689,1.37593189,0.97697442,1.20380006,1.35247981,0.55466262,0.85116678,1.17363239,0.79331075,1.41367835,-0.40545801,-0.06582231,-0.1006203,-0.12071736,1.74281111,-1.33270642,-0.18625598,0.50664011,1.01563743,-1.44081636,-0.28708631,-0.68112706,0.01237432,1.15791104,0.21721787,-0.62197222,-0.13400695,0.34342372,1.89946965,1.73026449,-2.19661821,0.55393825,2.06641329,1.24891358
-0.00935579,1.93884503,0.45026226,-0.38604884,1.84297552,0.31499304,1.02570555,1.20375029,0.97315385,0.30577419,-0.61641992,2.80834878,-1.49074459,0.52725905,1.77900006,0.18935939,1.36206731,0.86266985,0.47189365,1.41183758,-1.06435955,-2.00404772,1.474853,2.51828952,-0.75065282,0.29939645,0.1424987,0.37705695,2.88961928,-0.1166659,0.41170948,-0.15136541,1.21907958,0.81089194,-0.53769822,-0.68499664,0.0719958,3.17223714,0.27298082,1.24712786,2.08021998,1.36892949,0.23750924,1.24739536,-0.43601673,1.36065462,1.50695092,1.36292212,0.5965619,0.19214249,0.92938513,2.5186343,1.09116556,0.40019641,-0.60072676,0.10494786,0.31849092,0.31369927,1.3870615,0.39460426,2.4811332,1.48738781,1.15654038,1.33709656,0.10708526,0.13776477,0.84636641,0.48247451,1.51343613,-0.31839637,0.37748444,0.30869962,0.7954203,0.69965202,-0.06195724,1.45126918,0.89767927,1.07732874,0.00193963,0.69813152,0.17325324,0.17520715,0.7833054,0.17794084,1.85135015,0.64913735,0.1303746,-0.56575226,0.36220336,0.16730207,0.78744329,0.91930053,-0.1333694,-1.45021039,1.14745445,0.95257728,1.40350486,1.28357821,0.80917968,0.91893507,0.3769624,1.07481914,1.90583396,-1.15568337,-0.1579419,0.56840547,1.16740406,-0.13052427,-0.11264535,0.1163334,1.06529683,0.70491387,0.46865191,0.20337827,1.30578651,1.4321617,0.81134695,1.25382493,1.34808414,0.58015459,-0.40167084,1.92792246,0.84653491,0.74105468,0.69084998,0.61990785,1.13530899,0.68828731,1.12293495,0.32392663,-1.12055834,-0.11839989,-0.22568485,0.05795057,0.42423393,4.51389614,-1.10743772,1.60998348,1.30154283,4.12729322,2.8939806,0.83679805,-0.83973156,0.97284855,1.22242358,0.05813482,1.17598615,4.68389855,1.24835311,-0.44387488,0.14654033,2.61652827,0.36575361,1.14166403,0.26505825,-0.58824027,1.56804427,0.20929879,0.74455847,-1.86525216,0.97834077,-0.06180623,0.45720774,1.08900185,1.54755054,1.50655785,-0.29593294,-4.53064348,2.08338324,0.71596554,-0.81722493,6.73517488,0.73575066,0.3118968,-0.2693851,2.07327984,-3.4180003,2.8618308,0.76953101,-1.388334,1.33775736,-0.32718224,-2.90951479,-0.22770122,-3.63887527,0.53476701,2.05190167,0.35330215,-0.8261698,0.56952478,-0.01654777,-0.96011146,0.81408421,-0.62345353,0.00483006,1.37336274,-0.10571845,1.06656568,-4.56531744,-4.38325334,0.93764549,3.78900579,-0.70177502,2.94053677,0.72649697,-1.90445503,-0.30511265,-0.1620248,-1.03442877,0.29768308,0.23326327,-1.21276288,-0.4743016,0.22013516,-0.68008659,-2.49319416,-2.00373509,-2.81323627,2.88331504,0.25584449,0.87033978,0.71930983,2.34511055,1.36447046,0.69354138,1.75785117,1.73613905,0.42876448,1.05153739,1.23992103,0.74365204,1.69162221,-0.50066015,-0.10879292,-0.03910818,-0.1613615,1.47874002,-1.43339802,-0.15020456,0.59155033,1.16089603,-1.3636213,0.76059788,-0.58967392,0.3186974,1.15304448,0.24338888,-0.57522534,-0.08226685,0.28475086,2.38588763,1.60398568,-2.18784076,0.12825775,1.96229171,1.20298099
0.01098926,1.78539519,0.31703562,-0.29839225,1.87175118,0.44550797,0.99444088,1.16319544,0.93257286,0.26899625,-0.64657238,2.64419881,-1.52371618,0.44708271,1.90672723,0.13617275,1.26289027,0.84926142,0.28448976,1.33181579,-1.11562282,-2.01302099,1.44487608,2.41583541,-0.67035553,0.34036687,-0.02846065,0.53692934,2.94641801,-0.1933145,0.43088399,-0.16053645,1.15997666,0.83241653,-0.42075991,-0.65544447,0.07009877,3.20029295,0.42605004,1.12763266,2.1709738,1.43574667,0.12851522,1.28624206,-0.43442042,1.41055108,1.30098813,1.09778655,0.6869369,0.13113729,0.93253217,2.38560561,1.05495132,0.40324513,-0.5910407,0.10179864,0.11214103,-0.0706215,1.37521153,0.44858901,2.45676007,1.48104452,0.93930916,1.25117868,0.11645192,0.05882838,0.72248316,0.51552136,1.4684912,-0.36390115,0.17865136,0.29749174,0.68735359,0.77759291,0.02294996,1.57059875,0.87086576,1.03798692,-0.05713195,0.75329316,0.22667842,0.21579204,0.70307849,0.0637482,1.94784952,0.62234978,0.12005715,-0.5746862,0.33553294,0.2872641,0.75729124,1.05721904,-0.18112154,-1.41816373,1.10052012,0.92870048,1.32174352,1.14373285,0.81291696,0.89588838,0.3904073,1.03773362,1.77602993,-1.02274448,-0.1517043,0.63896036,1.08248923,-0.14659497,-0.21369581,0.17550004,1.00705361,0.61881115,0.45711066,0.22313928,1.34849426,1.36211669,0.62886953,1.22264306,1.33217582,0.2789005,-0.37605975,1.79145485,0.77560207,0.83076596,0.87804655,0.61740234,1.12324221,0.60555318,1.17273001,0.43539028,-1.14213202,-0.10171552,-0.23170446,-0.24717015,0.45885247,4.63650272,-1.10003223,1.41915052,1.38846783,4.21777739,3.5306222,1.00350341,-0.87782091,0.96492727,1.41569274,0.03286402,1.09931812,4.9976297,1.08136785,-0.31449477,0.10596865,2.39197841,0.22921801,1.06340227,0.11903207,-0.57102304,1.41832378,-0.0392826,0.88490333,-1.85651731,0.92515341,-0.01375477,0.6186939,1.03671883,1.46620201,1.09855179,-0.32605638,-4.8841361,2.10153447,0.76994891,-0.87481834,6.64728007,0.69332996,0.21929601,-0.22879336,2.01038008,-3.323687,2.60880647,0.64940946,-1.46405876,0.59310223,-0.21614077,-2.98524484,-0.2003754,-3.68074279,0.43476069,2.09174206,0.49168796,-0.8951057,0.70827757,-0.09828088,-0.95202325,0.48002571,-0.98702436,0.03457393,1.19637425,-0.2285511,1.16087054,-5.01947759,-4.38264059,0.45845806,3.77367704,-0.82600167,2.55406402,0.74938311,-2.00207604,-0.76886448,0.05235405,-1.15272922,0.21610806,0.22060559,-1.17901137,-0.45228871,0.2404226,-0.88197595,-2.51994341,-1.99739858,-2.81051773,2.7871284,0.23530071,0.86091146,0.78558109,2.33775512,1.39029598,0.88535571,1.37421409,1.37302328,0.46522188,0.92420862,1.09472483,0.8640681,1.39436081,-0.76146711,0.18299563,-0.00609173,-0.11735687,1.34019386,-1.48665668,-0.19757298,0.44488334,1.06088111,-1.43321151,0.23503352,-0.76535036,0.22069573,1.17053573,0.20976394,-0.61665974,-0.37956461,0.32501074,1.93959876,1.67930882,-2.31998724,0.60078556,2.06145894,1.22675299
-0.02185361,1.84874869,0.51671503,-0.26558033,1.89461368,0.52640717,0.89494191,1.0940894,1.04525576,0.38422606,-0.53945197,2.94710812,-1.52647401,0.56031615,1.82751526,0.22837477,1.07941496,0.76980739,0.33508797,1.38272496,-0.9484333,-1.84143402,1.54908296,2.47630482,-0.68578726,0.36637562,0.05683816,0.55124036,2.84231992,-0.16113071,0.35071142,-0.07754682,1.17207317,0.81910272,-0.52117093,-0.66914478,-0.03978343,3.32194758,0.54678831,1.21310143,2.13336893,1.65509724,0.26229045,1.4029091,-0.68179802,1.47013353,1.54360929,1.38829907,0.75363451,0.10567975,1.04858779,2.32115178,1.13551841,0.48256376,-0.67212843,0.10304608,0.34039134,0.01298576,1.33186476,0.53632045,2.27563499,1.53972755,1.05573684,1.32666075,0.14580732,0.12548037,0.82515078,0.53942823,1.51098835,-0.27994228,0.48027811,0.31971931,0.793619,0.49143228,0.07672727,1.51315763,1.08111699,1.06442159,-0.17011697,0.78157152,0.1415478,0.24461583,0.76260935,0.17437731,1.87502799,0.70427908,0.18404595,-0.51746396,0.10999646,0.34563814,0.76888723,1.06396921,-0.22488477,-1.30313139,1.09996933,0.77419953,1.40069239,1.20180514,0.58275974,0.87517402,0.48695149,1.21735005,1.76748202,-1.05898175,-0.08348889,0.72178393,1.16999522,-0.27236005,-0.07568303,0.03226369,1.03620708,0.71311813,0.63481684,0.28585458,1.40111973,1.35984494,0.66012209,1.08180685,1.4809648,0.48646769,-0.25070208,1.84935502,1.00133932,0.77435623,0.7323144,0.59685084,1.20520429,0.68949823,1.21409242,0.60338214,-1.22897931,-0.3024947,-0.2321362,-0.12461569,0.61363976,4.32756176,-1.10062974,1.71939498,1.46239862,4.14195544,3.20381686,0.97648152,-0.92004306,0.92448744,1.27911207,0.11069648,1.19893517,4.84892186,1.49735671,-0.27883855,0.0872143,2.35843318,0.25224495,1.04329206,0.301374,-0.30540374,1.43743774,0.03689042,1.07028875,-1.80334014,1.14185051,-0.03763614,0.63573506,1.04614508,1.67332408,1.42453898,-0.28953052,-4.65993984,2.12705621,0.92172514,-1.00980795,6.80939277,0.68411542,0.14869697,-0.4676864,2.121289,-3.64071671,2.92061362,1.01549305,-1.3839205,0.6695531,-0.39380179,-2.84363987,-0.19744916,-3.64882089,0.38430212,2.18118296,0.37540572,-0.90715875,0.64684901,0.10195433,-0.96860554,0.62750868,-0.84372774,0.08368604,1.06351309,-0.06158014,1.02136392,-4.97535356,-4.47295215,0.8646737,3.77827931,-0.75408634,2.84537892,0.52236878,-2.22396165,-0.59230073,0.02586635,-0.68048532,-0.3171831,0.12627805,-1.13122514,-0.52217602,0.22117828,-1.27106349,-2.49089773,-2.16938903,-2.81274751,2.76490857,0.26655374,0.53840899,0.63174911,2.37225002,1.30189819,0.84508595,1.57390689,1.4194432,0.66162778,0.80951021,1.19350292,0.98881764,1.68075863,-0.34804554,-0.126474,-0.07273388,-0.03286262,1.40681374,-1.35457425,-0.27755958,0.57554148,1.13957762,-1.48792601,0.18124789,-0.88227254,0.23201448,1.16340254,0.16610618,-0.57025002,-0.14462398,0.48533274,1.89837571,1.7198281,-2.3275642,-0.0150006,1.90904646,1.05825117
0.07617656,1.88108707,0.60118762,-0.27630945,2.0098528,0.45693378,0.9301649,1.17702635,1.01399499,0.25910319,-0.62289121,2.73257179,-1.55344023,0.47959928,1.71406195,0.14902937,1.15059474,0.91410739,0.36609206,1.37090431,-0.93000054,-1.92687572,1.59587678,2.43639221,-0.8498119,0.52150932,0.06018506,0.59124663,2.94836958,-0.17065875,0.38550715,-0.20645231,1.16893307,0.7764736,-0.34117111,-0.67612201,0.01812264,3.16229964,0.31040648,1.20743424,2.11557005,1.48783838,0.27159887,1.25371728,-0.36560949,1.66846907,1.17796559,1.27006719,0.68837018,0.30938379,0.95915982,2.44187192,1.0616065,0.50197773,-0.50793226,0.07878786,0.48573701,0.06238791,1.52704993,0.48453081,2.2055346,1.59317252,1.01992584,1.30451886,0.17436491,0.17626363,0.77725275,0.63983451,1.54811634,-0.37191497,0.33889348,0.29058708,0.72211311,0.62505751,0.06620775,1.45299212,0.96083903,1.02896099,-0.14008568,0.80630542,0.22320199,0.22750791,0.82744696,0.12329737,1.91848636,0.7348772,0.12397436,-0.43721458,0.22915392,0.35570928,0.78746898,1.06121885,-0.13517654,-1.42002097,1.06814902,0.83619233,1.25651651,1.24712652,0.86219509,0.94977488,0.34858398,1.17098147,1.84816405,-0.97137661,-0.10505784,0.73221867,1.07627872,-0.14818656,-0.23361244,0.23079244,1.1576092,0.63617362,0.62250356,0.16538594,1.3531581,1.24432156,0.81548811,1.05830362,1.42160867,0.48231991,-0.23486773,1.88155133,0.85667451,0.79333713,0.73370886,0.59512411,1.20765363,0.77012454,1.2126624,0.49162468,-1.13631498,0.04492007,-0.29418906,-0.16245793,1.02943434,4.66467496,-1.06294252,1.77384168,1.39217292,4.12228443,3.19938237,0.61888623,-0.8653136,0.95755326,1.07649927,0.12398417,1.18884929,4.97379864,1.17864673,-0.29248937,0.16721497,2.5737522,0.09908736,1.13410228,0.33776723,-0.43802238,1.29788059,0.09431238,0.83810759,-1.86449942,1.16333275,-0.02023063,0.63599498,1.18586365,1.53641561,1.43428917,-0.21419703,-4.85416875,2.20199886,0.85598456,-0.7077304,7.1885607,0.73412498,0.40288884,-0.31893286,2.12912993,-3.57343555,2.95671421,0.82022815,-1.33130242,0.71576317,-0.46224812,-2.82836781,-0.18219264,-3.59356462,0.51681706,2.02390284,0.4848651,-0.69902789,0.5820877,-0.0330475,-0.97822024,0.51064831,-0.64938395,-0.02115352,1.23718621,-0.12782935,0.94552944,-5.03733337,-4.39009407,0.65512461,3.76142854,-0.61628262,3.04915726,0.70863497,-1.90392048,-0.54121035,0.06476952,-0.8796271,0.06186464,0.09999676,-1.05884524,-0.50009713,0.27097831,-1.03394579,-2.43886552,-1.99616295,-2.80902807,2.66401063,0.25583254,0.72678985,0.7913633,2.21522301,1.30929932,1.31553208,1.22927756,1.50733728,0.51682295,0.88617172,1.47069153,1.11231873,1.34166734,-0.57758714,0.00897069,0.28643851,-0.19364775,1.1228775,-1.3941079,-0.11048275,0.67683777,1.14032355,-1.3735823,0.60999185,-0.81532034,0.36942571,1.13190558,0.19899647,-0.53718935,0.06477863,0.29247709,2.12896489,1.72019351,-2.28112602,0.49315334,2.07520345,1.07036968
-0.00752866,1.94372526,0.30208325,-0.27628506,2.15311486,0.37677107,0.99794294,1.18610933,1.00265662,0.25556486,-0.63336417,2.83596419,-1.54066948,0.56796506,1.8031424,0.19337094,1.07028397,0.73836306,0.30391349,1.3602933,-1.04240317,-1.70283383,1.47178823,2.41504121,-0.71166807,0.412582,0.06506345,0.42874021,2.91139048,-0.3105424,0.26311901,-0.15666854,1.17430797,0.75121817,-0.53697663,-0.6329509,0.04828224,2.9300633,0.38402866,1.14878994,2.05197938,1.19120874,0.38065232,1.34020539,-0.48802377,1.61560952,1.20859371,1.35132906,0.65379865,0.15479718,1.05482761,2.32170959,1.10902271,0.49162946,-0.60170716,0.15307946,0.28654224,-0.14215933,1.29543426,0.5088863,2.42661129,1.47260716,1.02268114,1.42992865,0.12943091,0.18399618,0.81073909,0.54801159,1.469422,-0.36994058,0.35076721,0.31564974,0.76760771,0.88941239,0.02007534,1.4579023,1.16887003,0.99700053,-0.19048249,0.71415505,0.14323338,0.21346636,0.74728006,0.08611997,1.93261601,0.55668646,0.14832633,-0.53545617,0.23570126,0.4114791,0.78779115,0.97555619,-0.17297896,-1.31957339,1.1362831,0.87374924,1.34767177,1.14430318,0.78872763,0.8143822,0.35679888,0.98661707,1.87321292,-1.07160568,-0.11791828,0.57941593,1.08858415,-0.12639706,-0.04206215,0.12589611,0.98756487,0.64609122,0.45121881,0.27533824,1.25908358,1.3488014,0.74178177,1.18872858,1.30813433,0.63924845,-0.29441324,1.86991651,0.90983245,0.74901878,0.68854733,0.54508991,1.20148963,0.78726382,1.08070798,0.33351069,-1.19494219,-0.07678586,-0.17056615,-0.34282435,0.31619358,4.27559325,-1.04183297,1.87750136,1.32803393,4.32517547,3.38955058,0.64207505,-0.71324324,0.95947213,1.23255409,0.09232004,1.04202353,4.80964343,1.18820882,-0.37298665,0.12513853,2.51045526,0.19510814,1.23680098,0.35442736,-0.29402703,1.31262601,-0.17474183,0.88194479,-1.9134489,0.88992095,-0.15122055,0.40800839,1.15784455,1.54485841,1.3819215,-0.44848492,-4.42756808,2.0519189,0.68324211,-0.86083626,6.61361775,0.55537226,0.03474485,-0.29791804,2.01130421,-3.34399901,2.57226284,0.92634355,-1.39433245,0.56286623,-0.33794139,-2.90937336,-0.01650143,-3.79679738,0.38888582,2.09262493,0.39110367,-0.92997656,0.62798625,-0.04352493,-0.90478355,0.44938581,-0.88726913,0.06580912,1.22798279,-0.08430127,1.29159199,-4.90328716,-4.41161676,0.31549774,3.78501687,-0.84125244,2.6987644,0.69793949,-2.02051772,-0.56723186,0.01165632,-0.96255833,-0.00749809,0.27605987,-1.11026936,-0.51714494,0.11624959,-0.91420918,-2.37729559,-2.02239642,-2.79928547,2.7468463,0.20987491,0.73842057,0.79779781,2.02438245,1.32081799,0.76892434,1.1720756,1.41132981,0.5271395,0.9093572,1.28452623,0.89629553,1.16436665,-0.58357308,-0.05177856,0.03510474,-0.33140474,1.58943688,-1.38036169,-0.16395977,0.37340441,0.88608142,-1.4355205,0.9600762,-0.80239634,0.23938236,1.15092114,0.22566085,-0.57123628,-0.13066962,0.28120851,1.9720613,1.53956646,-2.37568615,0.48744803,1.91184818,0.94733339
-0.01926928,1.85448048,0.32084918,-0.25796687,1.82794604,0.56682649,1.12424131,1.15100871,0.95578423,0.24556955,-0.56606079,2.77907648,-1.51778767,0.48446006,1.90947556,0.16661945,1.28779459,0.87807861,0.29747941,1.39626041,-0.98224804,-1.74859014,1.4556892,2.52173493,-0.64935946,0.35950797,0.11174369,0.55748792,3.30864292,-0.26600853,0.33056936,-0.16899258,1.23443366,0.83929804,-0.4224374,-0.60591022,0.10525507,3.31873717,0.44647316,1.26102554,2.11338451,1.46219004,0.47960539,1.2286928,-0.33910703,1.75494684,1.53639789,1.32257325,0.67143667,0.19073859,0.97054915,2.64961422,1.13880229,0.44297466,-0.60614002,0.16895599,0.38989401,0.09131167,1.4434928,0.51985291,2.65063105,1.50996095,1.18553341,1.4665594,0.15736035,0.1124117,0.86502871,0.6387317,1.53707911,-0.32053894,0.26394643,0.45701971,0.71862519,0.75887543,0.00865498,1.61411768,1.05848454,1.00185851,-0.09639025,0.74163745,0.21176159,0.27822624,0.94802864,0.20325298,1.95382487,0.62650643,0.18726593,-0.42476264,0.39676452,0.33034806,0.81759469,0.96993553,-0.03535766,-1.3633881,1.11607286,0.9875539,1.48737982,1.25795184,0.85787307,0.92126963,0.43144708,1.20398284,1.9180362,-1.03476062,-0.05854203,0.61067315,1.18528124,0.09393196,-0.08447706,0.08445662,1.01361028,0.58979657,0.87749357,0.10133708,1.4282181,1.34779338,0.79875658,1.07215359,1.41535489,0.6649117,-0.28789178,1.9321163,0.91620418,0.92800199,0.91955216,0.59443311,1.27464671,0.65670789,1.36789342,0.6622127,-1.17587621,0.06736586,-0.25800807,-0.06062793,0.50056192,4.70467831,-1.14151453,2.12766864,1.35683576,4.37210789,3.39281695,0.8912153,-0.75926657,0.96693005,1.37469816,0.17053948,1.11315954,4.96790759,1.36849678,-0.27724848,0.16606445,2.68022301,0.24944662,1.01082272,0.35857269,-0.56418292,1.47718994,0.19415515,0.86596006,-1.80911427,1.27583395,0.12526941,0.70104954,1.26668831,1.50414813,1.48881521,-0.2000268,-4.64183448,2.24756097,0.76323443,-0.56624967,7.27088899,0.84540724,0.40139892,-0.23756838,2.1092692,-3.23180738,2.7760491,0.80667548,-1.37791673,0.8157746,-0.4232567,-2.8012631,-0.18044417,-3.50872861,0.58051562,2.05781615,0.36358816,-0.69740447,0.66425875,-0.01710068,-0.9251691,0.56698352,-1.06896597,0.17008745,1.30324398,-0.10321962,1.1917511,-4.88390441,-4.34851046,0.44082384,3.74779526,-0.85182118,2.68887553,0.77934263,-2.10349776,-0.40049068,0.13052212,-0.53921508,0.29283474,0.28645275,-0.98494877,-0.41481291,0.36664757,-0.68912704,-2.46687483,-1.95678089,-2.81310651,2.90269847,0.21449192,0.85755905,0.91989616,2.42774633,1.41324812,1.27890184,1.44663139,1.58833514,0.38140438,1.04655607,1.28693453,0.8634686,1.43966046,-0.48562904,0.07460761,0.22719823,-0.0620431,2.12354002,-1.3452157,-0.03464322,0.47270306,1.12068533,-1.45355432,0.69850867,-0.75810956,0.45617463,1.18724191,0.20629234,-0.57314376,-0.30446739,0.37811046,2.16718814,1.68450462,-2.00917337,0.44011851,2.06977124,1.28816491
-0.04664996,1.77812064,0.41717198,-0.35169872,1.8228927,0.37344168,1.10784557,1.13873196,0.76734395,0.32781037,-0.64334972,2.72713083,-1.52053078,0.48316414,1.81393172,0.1563841,1.21052103,0.88299248,0.21215311,1.43465292,-1.02790635,-1.97449843,1.4068718,2.49012573,-0.68345126,0.30564122,-0.02735655,0.56175066,2.77224533,-0.28911351,0.41917598,-0.1299594,1.14238306,0.78391,-0.51803686,-0.61665956,0.07338314,3.2817592,0.47258981,1.24306359,1.97105652,1.30085606,0.31851977,1.25993549,-0.39638733,1.46947595,1.35945269,1.29226405,0.58620296,0.17945821,1.02705358,2.42379832,1.11759019,0.54122088,-0.54401715,0.08108216,0.29076033,0.03905393,1.21462873,0.47607662,2.58855379,1.53988673,1.04383656,1.40808481,0.13682355,0.20032057,0.74577142,0.53316117,1.46053589,-0.29687646,0.33509863,0.35188878,0.80741649,0.68637287,0.07753582,1.33139222,0.99044808,1.15678235,-0.18946709,0.61340326,0.04794291,0.18916614,0.77270159,0.17770659,1.90892998,0.57008175,0.14142333,-0.52561993,0.34914488,0.19179079,0.73842114,0.83739522,-0.05987963,-1.38642297,1.29411357,0.9514537,1.4110886,1.31183337,0.84191749,1.00542175,0.51937614,1.10700258,1.87865944,-1.02027555,-0.15760114,0.71110099,1.06894925,-0.05304149,-0.09810541,-0.04967076,0.9640958,0.46636269,0.47545903,0.19274493,1.41383679,1.35289114,0.69607503,1.28081707,1.19479103,0.43179489,-0.37671038,1.82697185,0.89274934,0.85620154,0.57625247,0.5911431,1.02988048,0.67422495,0.9008392,0.62710406,-1.14775035,-0.12509988,-0.0898126,-0.23554839,0.38039129,4.76524788,-1.02834983,1.88442235,1.5623078,4.20318307,3.55285327,0.98157231,-0.81288148,0.99286586,0.99392288,0.10989938,1.22989382,5.3103093,1.14338132,-0.26860126,0.29047246,2.82613085,0.23268323,1.15088095,0.27551178,-0.09495767,1.22813144,0.12604149,0.68892514,-1.85437034,1.36666583,-0.16992262,0.56269218,1.12572287,1.52169884,1.36072346,-0.31986821,-4.66157574,2.37926738,0.4742768,-0.66118643,7.17586249,0.56855185,0.19691974,-0.27038874,1.96104213,-3.24646301,2.66006528,0.81275993,-1.36771027,0.55890106,-0.3616058,-2.83097319,-0.28284568,-3.55041938,0.50761162,2.16538435,0.24336867,-0.49995799,0.73720318,-0.02771114,-0.95846087,0.70850504,-0.69650852,0.1564178,1.11072585,-0.09806545,1.23414759,-5.24056608,-4.3784695,0.5795065,3.78680079,-0.72659579,2.53025597,0.73016353,-1.87376667,-0.52168777,0.2184265,-1.01635948,0.35491579,0.20605975,-1.00847302,-0.48914405,0.15646889,-0.70740021,-2.42338505,-1.97663336,-2.79282772,2.31084166,0.21707527,0.83763509,0.67108467,2.34226242,1.42589278,1.13395289,1.34472065,1.58982174,0.45407611,1.0283131,1.52182989,0.83052916,1.60887055,-0.38736825,0.14498992,0.10507691,-0.09674115,1.52789516,-1.40026342,-0.16304926,0.46245669,1.15565577,-1.4246608,0.60940831,-0.82277674,0.3608598,1.13856677,0.13956669,-0.51827286,-0.2927666,0.30500265,2.10500545,1.65226002,-2.15253212,0.63809621,2.0818238,1.01091608
0.1041027,1.92491399,0.30192966,-0.35008151,2.02019305,0.54566409,1.14693194,1.07169862,1.13014479,0.28891794,-0.66505146,2.65354109,-1.50947144,0.56733103,1.90434783,0.15168463,1.241887,0.79329337,0.45692651,1.33148726,-1.04337242,-1.68529647,1.4662963,2.50203338,-0.69172537,0.46538511,0.06194019,0.5313955,2.87675967,-0.32168051,0.33086941,-0.10461971,1.19807246,0.81229691,-0.39106251,-0.65024121,0.09965392,3.49357647,0.46643986,1.24957133,2.06465933,1.41521771,0.34716573,1.33359392,-0.33891665,1.56822152,1.39629555,1.37499836,0.67382979,0.15647052,0.93608184,2.32202022,1.06482981,0.51902645,-0.62638585,0.11600965,0.38312807,-0.03048404,1.40033426,0.62027599,2.28077738,1.26852528,1.15563743,1.44602778,0.14714919,0.16819462,0.75476759,0.66403312,1.42834837,-0.22162848,0.29584537,0.33527223,0.61289956,0.81353848,0.10982242,1.52449627,0.95605393,1.1858208,-0.0600399,0.66453541,0.13692943,0.28676546,0.72879312,0.29927527,1.96782369,0.62031817,0.11227899,-0.45083237,0.38158442,0.27295077,0.89792182,0.98361202,-0.00819448,-1.42163024,1.25945439,0.9621052,1.5866573,1.14701808,0.98101842,0.91475318,0.46107634,1.09927484,1.82416251,-1.06034038,-0.09111137,0.39068394,1.13636484,-0.05141469,-0.09875459,-0.0541635,0.98383682,0.60695025,0.62363291,0.16996784,1.29804199,1.35475761,0.79029467,1.34848019,1.2890156,0.58754536,-0.39147148,1.93333141,0.87067742,0.77257127,0.96285001,0.65170667,1.21923038,0.67085788,1.04253956,0.65885494,-1.11612014,-0.14429843,-0.25050662,0.03257676,0.30940507,4.68848787,-0.99735355,1.61273405,1.47422607,4.68145788,3.55986143,0.40437974,-0.85233486,0.95978182,1.18080917,0.11105386,1.16996124,5.04267941,1.41871952,-0.15895242,0.24499699,2.58036778,0.16096342,1.15093409,0.27522845,-0.34805712,1.2607925,0.25013444,1.00321208,-1.77506206,0.91752838,-0.06999872,0.43917288,1.28370618,1.56426681,1.29739035,-0.25292749,-4.64726068,1.96891603,0.51762523,-0.69030075,6.6857346,0.61948059,0.22905054,-0.23697578,2.26042854,-3.37248291,2.91610213,0.83734941,-1.40858629,0.72757483,-0.50137523,-2.90204237,-0.13647426,-3.54525203,0.4762513,2.1767494,0.57114619,-0.70346697,0.76002205,0.07245316,-0.9229759,0.50428235,-0.56087549,0.04486692,1.22535249,-0.09781221,1.1514598,-4.64255388,-4.35097791,0.54278027,3.82113624,-0.80877694,2.61368723,0.77998745,-1.9121627,-0.83114194,0.01934073,-0.97398757,0.54582811,0.15277036,-1.04150332,-0.41894012,0.32302355,-0.67022376,-2.52347256,-1.9748361,-2.81846614,3.04940266,0.2659742,0.82059383,0.82470039,2.39482003,1.4071318,1.48557353,1.07797335,1.68647519,0.56903991,1.07759824,1.54503277,0.91413345,1.37424862,-0.49568387,0.04424818,0.23575132,-0.0489658,1.4533112,-1.45626764,-0.12561048,0.3700492,1.1909712,-1.40677694,0.49469427,-0.56065936,0.24819336,1.16446659,0.27765476,-0.57872709,-0.08002485,0.3197653,2.05222786,1.67417446,-2.14977729,0.10460274,1.87025929,0.97692865
0.06616038,1.89668888,0.32260472,-0.32686328,1.89469341,0.39353259,1.03774243,1.26105793,1.02936172,0.20903929,-0.65261514,2.77605952,-1.47036891,0.52709143,1.67217262,0.15292499,1.24109849,0.85700458,0.25924883,1.35670391,-1.03788107,-1.77337959,1.5243037,2.47028455,-0.69204765,0.52674674,0.06245262,0.52564793,3.04348476,-0.04795551,0.39541056,-0.400901,1.19138767,0.74937412,-0.47700802,-0.7487939,0.09314668,3.29506056,0.44273218,1.26454616,2.12979751,1.40025394,0.36470248,1.37068413,-0.38097258,1.48049694,1.25715235,1.28784673,0.6560999,0.22189653,0.96634435,2.37817669,1.06721631,0.44754706,-0.60422402,-0.0134817,0.16354414,0.0307325,1.36598028,0.51146328,2.52225509,1.5966055,1.13528072,1.6025692,0.15293817,0.12064781,0.72800856,0.52436532,1.51352369,-0.31137296,0.28285789,0.32737407,0.77063739,0.69457139,0.13832817,1.53097032,0.94100731,1.06410874,-0.21324868,0.66536173,0.15961805,0.22410453,0.77252115,0.16388024,1.68112561,0.64552268,0.15498924,-0.57443891,0.37830492,0.17150021,0.76111318,0.95881251,-0.11744926,-1.41561744,1.13323445,0.9658786,1.45017346,1.11270169,0.84598722,0.88419096,0.41139905,0.87084525,1.95235389,-1.07883563,-0.1377339,0.53621357,1.16397651,-0.169733,-0.10251765,0.06236169,1.03481016,0.64026846,0.5359769,0.29213455,1.3133054,1.33708006,0.699179,1.1192814,1.32467902,0.34848217,-0.34336747,1.81514523,0.83737667,0.74154972,0.64671645,0.54331594,1.13394078,0.62134888,1.05008352,0.75700797,-1.17400244,0.05492034,-0.09590348,-0.14531047,0.14854,4.3588557,-1.0851581,1.82189792,1.37584334,4.54854344,2.84554911,0.52223473,-0.94930508,0.95495396,1.28021873,0.08827808,1.07804087,4.96969009,1.23146439,-0.26830649,0.11292222,2.63993423,0.20771934,1.12981275,0.27355158,-0.44828619,1.33253418,0.17471973,0.69730339,-1.83490038,1.11640447,0.08965776,0.55870169,1.18124811,1.44958128,1.38598892,-0.32379278,-4.70146382,2.18595784,0.34107006,-0.81642301,6.79369522,0.68975566,0.18462298,-0.25821324,1.95651016,-3.39937215,2.61407018,0.78919032,-1.45721234,0.69112158,-0.27856771,-3.06329028,-0.21153912,-3.61856268,0.45073823,2.06280416,0.3923023,-0.70135192,0.55108525,-0.03843808,-0.93857386,1.10767314,-0.71815458,0.10024239,1.0206817,-0.14413416,1.04685661,-4.93948186,-4.38399292,0.76072863,3.7731,-0.86725342,2.72480552,0.76069164,-2.05342402,-0.6734792,0.25768464,-1.09703275,0.18393521,0.1313302,-1.1439018,-0.48155154,0.26505427,-0.73149548,-2.49744623,-1.97390668,-2.80992851,2.82978987,0.23820114,0.85074826,0.63349167,2.13706209,1.41996489,0.87168567,1.11241251,1.43481126,0.49319154,0.96455038,1.17340724,0.82622853,1.3594477,-0.61621107,-0.03558179,0.08395933,-0.11078975,1.44336522,-1.31979101,-0.21811792,0.60035397,1.0422189,-1.43862635,-0.03789081,-0.90440691,0.36592081,1.15060458,0.1739341,-0.58049862,-0.21639948,0.32546525,2.10984104,1.66910096,-2.46020193,0.18231634,1.93700313,1.21438698
